source,source_id,title,company,location,latitude,longitude,url,listed,deadline,deadline_kind,first_seen,last_seen
jobindex,h1678306,"Student Assistant, Global IT – Shape how Struers adopts and scales AI.",Struers ApS,Ballerup,55.730219,12.329915,https://www.jobindex.dk/vis-job/h1678306,2026-09-07,,asap,2026-09-15,2026-09-15
jobindex,h1684112,Student worker,Oterra,Taastrup,55.66930177,12.30466824,https://www.jobindex.dk/vis-job/h1684112,2026-09-15,,asap,2026-09-15,2026-09-15
jobindex,h1686876,"Jurastuderende til studiejob med fokus på ""Compliance""",Canon Danmark,Søborg,55.740815752997,12.486378751922,https://www.jobindex.dk/vis-job/h1686876,2026-09-02,,,2026-09-15,2026-09-15
jobindex,h1687909,Student Assistant in Architecture & Technology,Nordic RCC,København S,55.627038248641,12.5777808914789,https://www.jobindex.dk/vis-job/h1687909,2026-09-07,2026-09-15,date,2026-09-15,2026-09-15
jobindex,h1690299,Fundraiser hos Psykiatrifonden (studiejob),Psykiatrifonden,København NV,55.698691,12.532624,https://www.jobindex.dk/vis-job/h1690299,2026-08-18,,asap,2026-09-15,2026-09-15
jobindex,h1690532,Marketing Student Assistant,Everllence,København SV,55.6505272,12.5556564,https://www.jobindex.dk/vis-job/h1690532,2026-08-18,2026-09-15,date,2026-09-15,2026-09-15
jobindex,h1690810,"Strategy Analyst – Strategy & Sustainability, Student Worker",KIRKBI A/S,København K,55.6818551,12.5820937,https://www.jobindex.dk/vis-job/h1690810,2026-08-19,,asap,2026-09-15,2026-09-15
jobindex,h1690882,"Juridisk afdeling i Danmarks Lærerforening søger jurastuderende, som er interesseret i at arbejde med ansættelsesret",Danmarks Lærerforening,København K,55.675925,12.573564,https://www.jobindex.dk/vis-job/h1690882,2026-08-19,2026-09-30,date,2026-09-15,2026-09-15
jobindex,h1691693,Studiejob på SOS Alarmcentral,SOS International,København S,55.63169986,12.57341722,https://www.jobindex.dk/vis-job/h1691693,2026-08-24,2026-09-16,date,2026-09-15,2026-09-15
jobindex,h1692030,Student Assistant – Cyber Security & Compliance,Nordic RCC,København S,55.627038248641,12.5777808914789,https://www.jobindex.dk/vis-job/h1692030,2026-08-25,2026-09-30,date,2026-09-15,2026-09-15
jobindex,h1692147,"Research Specialist, IT-rekruttering (studiejob)",Bloom,Ballerup,55.734867,12.389359,https://www.jobindex.dk/vis-job/h1692147,2026-08-25,,asap,2026-09-15,2026-09-15
jobindex,h1692440,Student Worker – Private Lease,Ayvens,Taastrup,55.660978502436,12.28052725656,https://www.jobindex.dk/vis-job/h1692440,2026-08-26,2026-09-19,date,2026-09-15,2026-09-15
jobindex,h1692564,"Student Assistant, Contract Management, Renewables",Semco Maritime A/S,Nordhavn,55.707161573557,12.591453619577,https://www.jobindex.dk/vis-job/h1692564,2026-08-26,2026-09-16,date,2026-09-15,2026-09-15
jobindex,h1692857,Student Assistant – Marketing,Saphe A/S,København,,,https://www.jobindex.dk/vis-job/h1692857,2026-08-27,,asap,2026-09-15,2026-09-15
jobindex,h1693286,Student Assistant - PMO & Programme Coordination Polaris Programmet,Carglass®,Albertslund,55.663875,12.363179,https://www.jobindex.dk/vis-job/h1693286,2026-09-01,2026-09-24,date,2026-09-15,2026-09-15
jobindex,h1694018,Studiejob i receptionen – 1–3 vagter om ugen · vi er fleksible,Wittrup Motel A/S,Albertslund,55.660126,12.328583,https://www.jobindex.dk/vis-job/h1694018,2026-08-31,,asap,2026-09-15,2026-09-15
jobindex,h1694200,Student Worker — Marine Engine Digital Twin Development (Python),Everllence,København SV,55.6505272,12.5556564,https://www.jobindex.dk/vis-job/h1694200,2026-09-01,2026-09-25,date,2026-09-15,2026-09-15
jobindex,h1694264,Student Assistant for International Partnerships,"DTU, Danmarks Tekniske Universitet",Kgs. Lyngby,55.786489,12.5245396,https://www.jobindex.dk/vis-job/h1694264,2026-09-01,2026-09-20,date,2026-09-15,2026-09-15
jobindex,h1694291,Audit Studentermedarbejder i EY,EY,Frederiksberg,55.6849274,12.5023925,https://www.jobindex.dk/vis-job/h1694291,2026-09-01,,asap,2026-09-15,2026-09-15
jobindex,h1694450,Student Assistant – Continuous Improvement / Lean Operations,Hamamatsu Photonics,Birkerød,55.839075085632,12.400367768668,https://www.jobindex.dk/vis-job/h1694450,2026-09-01,,asap,2026-09-15,2026-09-15
jobindex,h1694579,Teamleder til abonnementsafdeling - studiejob med ledelsesansvar,Kristeligt Dagblad,København K,55.678527,12.574358,https://www.jobindex.dk/vis-job/h1694579,2026-09-02,2026-09-21,date,2026-09-15,2026-09-15
jobindex,h1695012,Jurastuderende til Forbrugerrådet Tænks juridiske rådgivning,Forbrugerrådet Tænk,København N,55.6902649,12.5638153,https://www.jobindex.dk/vis-job/h1695012,2026-09-02,2026-09-30,date,2026-09-15,2026-09-15
jobindex,h1695139,Student worker for Direct Procurement,Everllence,København SV,55.6505272,12.5556564,https://www.jobindex.dk/vis-job/h1695139,2026-09-03,2026-10-15,date,2026-09-15,2026-09-15
jobindex,h1695445,Ambitious and Experienced EU Research Advisor,"CBS, Copenhagen Business School",Frederiksberg,55.67783024,12.52476176,https://www.jobindex.dk/vis-job/h1695445,2026-09-03,2026-09-24,date,2026-09-15,2026-09-15
jobindex,h1695573,Student Assistant - Sustainability Strategy & Reporting,DSV,Hedehusene,,,https://www.jobindex.dk/vis-job/h1695573,2026-09-04,2026-09-18,date,2026-09-15,2026-09-15
jobindex,h1696620,PhD Scholarship in Synthetic Community Design in Bioprocess Engineering - DTU Chemical Engineering,"DTU, Danmarks Tekniske Universitet",Kongens Lyngby,55.7891084525441,12.5194733962982,https://www.jobindex.dk/vis-job/h1696620,2026-09-08,2026-09-23,date,2026-09-15,2026-09-15
jobindex,h1696661,Studiejob i Hvidovre Hjemme- og Sygepleje,Hvidovre Kommune,Hvidovre,55.64283682,12.47760544,https://www.jobindex.dk/vis-job/h1696661,2026-09-08,2026-09-27,date,2026-09-15,2026-09-15
jobindex,h1696673,Studentermedhjælpere til Forsvarsministeriets departement,Forsvaret,København K,55.6779265,12.5864981,https://www.jobindex.dk/vis-job/h1696673,2026-09-08,2026-09-21,date,2026-09-15,2026-09-15
jobindex,h1696884,Studentermedhjælper til CRM,Danske Spil A/S,Brøndby,55.6707278,12.4356864,https://www.jobindex.dk/vis-job/h1696884,2026-09-08,2026-09-29,date,2026-09-15,2026-09-15
jobindex,h1697433,"Student Assistant, PMO",Scan Global Logistics,Hvidovre,55.60525872,12.49020442,https://www.jobindex.dk/vis-job/h1697433,2026-09-10,,asap,2026-09-15,2026-09-15
jobindex,h1697459,Studentermedarbejder,Kommissarius Ved Statens Ekspropriationer På Øerne,København Ø,55.710820400021,12.564436398709,https://www.jobindex.dk/vis-job/h1697459,2026-09-10,2026-09-25,date,2026-09-15,2026-09-15
jobindex,h1697520,Studentermedhjælper til Indkøb,Tryg Forsikring A/S,Ballerup,55.738809,12.399621,https://www.jobindex.dk/vis-job/h1697520,2026-09-10,2026-10-04,date,2026-09-15,2026-09-15
jobindex,h1697543,Studentermedhjælper til Udlejning og Administration,Q Apartments,Valby,55.65845518,12.51210168,https://www.jobindex.dk/vis-job/h1697543,2026-09-10,,asap,2026-09-15,2026-09-15
jobindex,h1697632,Studentermedhjælper iværksætter- og labmiljø på Erhvervsakademi København,Erhvervsakademi København,København N,55.69151317,12.5551276,https://www.jobindex.dk/vis-job/h1697632,2026-09-10,2026-09-30,date,2026-09-15,2026-09-15
jobindex,h1697654,Student Assistant – Supply Chain Analytics,Hamamatsu Photonics,Birkerød,55.839075085632,12.400367768668,https://www.jobindex.dk/vis-job/h1697654,2026-09-10,,asap,2026-09-15,2026-09-15
jobindex,h1697697,Studentermedhjælper hos spændende international ejendomsvirksomhed i København,Habro Fund Management a/s,København K,55.6835811,12.5899724,https://www.jobindex.dk/vis-job/h1697697,2026-09-10,2026-10-08,date,2026-09-15,2026-09-15
jobindex,h1697721,Studentermedhjælper med interesse for webkommunikation,Tryg Forsikring A/S,Ballerup,55.738809,12.399621,https://www.jobindex.dk/vis-job/h1697721,2026-09-10,2026-09-24,date,2026-09-15,2026-09-15
jobindex,h1697957,Studentermedhjælper til Færdselssekretariatet i Midt- og Vestsjællands Politi,Midt- og Vestsjællands Politi,Greve,55.606248,12.306146,https://www.jobindex.dk/vis-job/h1697957,2026-09-11,2026-10-04,date,2026-09-15,2026-09-15
jobindex,h1697991,Studentermedhjælper til CRM & Sales Management,Tryg Forsikring A/S,Ballerup,55.738809,12.399621,https://www.jobindex.dk/vis-job/h1697991,2026-09-11,2026-10-01,date,2026-09-15,2026-09-15
jobindex,h1697996,Student Assistant,Daiichi Sankyo Nordics ApS,København S,55.65622649,12.59178403,https://www.jobindex.dk/vis-job/h1697996,2026-09-15,,asap,2026-09-15,2026-09-15
jobindex,h1698058,Studentermedhjælper søges – Økonomi & revision,BetterNumbers,Virum,55.8000826,12.49547113,https://www.jobindex.dk/vis-job/h1698058,2026-09-11,,asap,2026-09-15,2026-09-15
jobindex,h1698094,Bliv privat lektiehjælper – et unikt studiejob eller deltidsjob,GoTutor – en del af Egmont,,,,https://www.jobindex.dk/vis-job/h1698094,2026-09-14,,asap,2026-09-15,2026-09-15
jobindex,h1698114,Konsulent til at omsætte AI og strategiske forandringer til hverdag i Danmarks største arbejdsgiverorganisation,DI Dansk Industri,København V,55.67533957,12.56801813,https://www.jobindex.dk/vis-job/h1698114,2026-09-14,2026-10-01,date,2026-09-15,2026-09-15
jobindex,h1698116,Metodestærke studerende med interesse for forskning i familieforhold og demografi søges,ROCKWOOL Fonden,København K,55.6740007,12.5767048,https://www.jobindex.dk/vis-job/h1698116,2026-09-14,2026-10-11,date,2026-09-15,2026-09-15
jobindex,h1698120,"Student Assistant, Corporate Strategy - Support strategic decisions and business transformation",Norlys,København S,55.637146153318,12.583465917308,https://www.jobindex.dk/vis-job/h1698120,2026-09-14,,asap,2026-09-15,2026-09-15
jobindex,h1698180,Studentermedhjælper til Udvikling & Fondssamarbejde,Børns Vilkår,Valby,55.6596678,12.5194839,https://www.jobindex.dk/vis-job/h1698180,2026-09-14,,asap,2026-09-15,2026-09-15
jobindex,h1698220,Juridisk studentermedhjælper til Hvidvasksekretariatet,National enhed for Særlig Kriminalitet,København V,55.67744483,12.56168648,https://www.jobindex.dk/vis-job/h1698220,2026-09-14,2026-09-27,date,2026-09-15,2026-09-15
jobindex,h1698303,Junior Produktkonsulent til Akademikernes A-kasse (studiejob),Akademikernes A-kasse,København V,55.676182268968,12.561708927416,https://www.jobindex.dk/vis-job/h1698303,2026-09-14,2026-09-30,date,2026-09-15,2026-09-15
jobindex,h1698304,Studentermedarbejder til koordinering og projektstøtte,Udviklings- og Forenklingsstyrelsen,Frederiksberg,55.6846568,12.5035633,https://www.jobindex.dk/vis-job/h1698304,2026-09-14,2026-09-28,date,2026-09-15,2026-09-15
jobindex,h1698349,To studentermedhjælpere til HD og Executive Master på CBS,"CBS, Copenhagen Business School",Frederiksberg,55.6816264,12.5308048,https://www.jobindex.dk/vis-job/h1698349,2026-09-14,2026-09-27,date,2026-09-15,2026-09-15
jobindex,h1698410,"Vi søger en studentermedhjælper til vores kvalitetsteam, Commercial Lines",Tryg Forsikring A/S,Ballerup,55.738809,12.399621,https://www.jobindex.dk/vis-job/h1698410,2026-09-14,2026-09-28,date,2026-09-15,2026-09-15
jobindex,h1698412,Studentermedhjælper – Operations & AI,Danmarks Skibskredit A/S,København K,55.6707388934077,12.5835972617304,https://www.jobindex.dk/vis-job/h1698412,2026-09-14,2026-10-04,date,2026-09-15,2026-09-15
jobindex,h1698417,Studentermedhjælper til Greve Bibliotek,Greve Kommune,Greve,55.59783,12.331797,https://www.jobindex.dk/vis-job/h1698417,2026-09-14,2026-10-02,date,2026-09-15,2026-09-15
jobindex,h1698524,Studentermedhjælpere til Skatteankestyrelsen i København,Skatteankestyrelsen,København V,55.6750043,12.5606836,https://www.jobindex.dk/vis-job/h1698524,2026-09-15,2026-09-28,date,2026-09-15,2026-09-15
jobindex,h1698536,Er du vores nye studentermedhjælper i Danske Rederiers uddannelsesafdeling?,Danske Rederier,København K,55.6866325,12.5951294,https://www.jobindex.dk/vis-job/h1698536,2026-09-15,2026-09-24,date,2026-09-15,2026-09-15
jobindex,h1698626,Student Assistant – Communication,DANX A/S,Ishøj,55.6187718,12.3177365,https://www.jobindex.dk/vis-job/h1698626,2026-09-15,2026-09-20,date,2026-09-15,2026-09-15
jobindex,h1698671,Juridisk studentermedhjælper til People & Organization,Xellia Pharmaceuticals ApS,København K,55.671501143683,12.583385702494,https://www.jobindex.dk/vis-job/h1698671,2026-09-15,,asap,2026-09-15,2026-09-15
jobindex,h1698676,Marketing student assistant in high-tech startup,Spectro Inlets ApS,Søborg,55.73049825,12.46679593,https://www.jobindex.dk/vis-job/h1698676,2026-09-15,,asap,2026-09-15,2026-09-15
jobindex,h1698736,Studentermedhjælper til Content & Marketing,Specialisterne,Ballerup,55.734867,12.389359,https://www.jobindex.dk/vis-job/h1698736,2026-09-15,2026-10-01,date,2026-09-15,2026-09-15
jobindex,r13962035,"PhD position in Innovation, Entrepreneurship and Business Scaling, with an empirical focus on defense, security and intellige...",Copenhagen Business School,Frederiksberg,55.6815494,12.53045198,https://www.jobindex.dk/vis-job/r13962035,2026-08-25,2026-09-23,date,2026-09-15,2026-09-15
jobindex,r13962063,PhD position in Relational Learning in AI-rich Business Education,Copenhagen Business School,Frederiksberg,55.6815494,12.53045198,https://www.jobindex.dk/vis-job/r13962063,2026-08-25,2026-09-23,date,2026-09-15,2026-09-15
jobindex,r13964722,PhD scholarship in Responsible Entrepreneurship,Copenhagen Business School,Frederiksberg,55.6815494,12.53045198,https://www.jobindex.dk/vis-job/r13964722,2026-08-26,2026-09-27,date,2026-09-15,2026-09-15
jobindex,r13972722,Business Operations Student Assistant,Electricity Maps,2200 København N,,,https://www.jobindex.dk/vis-job/r13972722,2026-08-31,,,2026-09-15,2026-09-15
jobindex,r13972980,"Tech-studerende sgs: Automatisering, AI og crawling",Digital Disruption Media A/S,Frederiksberg,,,https://www.jobindex.dk/vis-job/r13972980,2026-08-31,,,2026-09-15,2026-09-15
jobindex,r13973072,Statusoptæller i studiejob - Lyngby,Salling Group,Lyngby,55.768521484761,12.503352267299,https://www.jobindex.dk/vis-job/r13973072,2026-09-01,,,2026-09-15,2026-09-15
jobindex,r13973326,Tre studentermedarbejdere til kommunikationsafdeling på Københavns Universitet,KU SCIENCE FAK SEK,København N,55.69780728,12.56025477,https://www.jobindex.dk/vis-job/r13973326,2026-09-01,2026-09-20,date,2026-09-15,2026-09-15
jobindex,r13974189,B&W Brunch søger en weekendmanager til et perfekt studiejob med lederansvar,B&W Brunch,København V,55.6701461750476,12.5382509912,https://www.jobindex.dk/vis-job/r13974189,2026-09-01,,,2026-09-15,2026-09-15
jobindex,r13975242,German Student Community Associate,Subscribed ApS,København,,,https://www.jobindex.dk/vis-job/r13975242,2026-09-01,,,2026-09-15,2026-09-15
jobindex,r13975947,"Studentermedhjælper til Børne- og Ungdomsforvaltningen, Område Amager",Københavns Kommune,2300 København S,,,https://www.jobindex.dk/vis-job/r13975947,2026-09-02,,,2026-09-15,2026-09-15
jobindex,r13976418,PhD in Department of Strategy and Innovation,Copenhagen Business School,Frederiksberg,55.6815494,12.53045198,https://www.jobindex.dk/vis-job/r13976418,2026-09-02,2026-09-28,date,2026-09-15,2026-09-15
jobindex,r13977737,Student Worker / stud.jur - Legal,Podimo,1500-1799 København V,,,https://www.jobindex.dk/vis-job/r13977737,2026-09-02,,,2026-09-15,2026-09-15
jobindex,r13978514,Studiejob i eksklusivt retailmiljø – salg & kundeservice i Indre København,Temp-Team A/S,København,,,https://www.jobindex.dk/vis-job/r13978514,2026-09-03,,,2026-09-15,2026-09-15
jobindex,r13978890,"Head of Department of Organization, Copenhagen Business School",Copenhagen Business School,Frederiksberg,55.6815494,12.53045198,https://www.jobindex.dk/vis-job/r13978890,2026-09-03,2026-10-18,date,2026-09-15,2026-09-15
jobindex,r13980289,Manufacturing AI Engineer,Calibras ApS,København,,,https://www.jobindex.dk/vis-job/r13980289,2026-09-03,,,2026-09-15,2026-09-15
jobindex,r13984910,"Deltid/Studiejob på tællehold, København og Nordsjælland. 1",365discount,"København, Nordsjælland",,,https://www.jobindex.dk/vis-job/r13984910,2026-09-07,,,2026-09-15,2026-09-15
jobindex,r13986690,"PhD Scholarship Forgetting Secrecy? at the Department of Communication, Faculty of Humanities, University of Copenhagen (UCPH)",KU - HUM - Fakultetet,København S,55.66241,12.5892627,https://www.jobindex.dk/vis-job/r13986690,2026-09-08,2026-10-05,date,2026-09-15,2026-09-15
jobindex,r13987864,Studiejob: Business Intelligence-konsulent,Cand ApS,København,,,https://www.jobindex.dk/vis-job/r13987864,2026-09-08,,,2026-09-15,2026-09-15
jobindex,r13987992,Student Assistant,Hempel A/S,2800 Kgs. Lyngby,,,https://www.jobindex.dk/vis-job/r13987992,2026-09-08,,,2026-09-15,2026-09-15
jobindex,r13988777,"Vil du have et studiejob, hvor du gør en forskel – hver dag?",Rudersdal Kommune,Birkerød,55.840135857388,12.427092209657,https://www.jobindex.dk/vis-job/r13988777,2026-09-09,2026-09-21,date,2026-09-15,2026-09-15
jobindex,r13989065,AI & Automation Developer - Studiejob,Carl Ras A/S,Herlev,55.7165196,12.4309582,https://www.jobindex.dk/vis-job/r13989065,2026-09-09,2026-09-27,date,2026-09-15,2026-09-15
jobindex,r13990098,Research Assistant to research cluster on geopolitics at CBS,Copenhagen Business School,Frederiksberg,55.6815494,12.53045198,https://www.jobindex.dk/vis-job/r13990098,2026-09-10,2026-10-06,date,2026-09-15,2026-09-15
jobindex,r13992437,Center for Big Data in Finance (BIGFI) is looking for student assistants,Copenhagen Business School,Frederiksberg,55.6815494,12.53045198,https://www.jobindex.dk/vis-job/r13992437,2026-09-11,2026-09-30,date,2026-09-15,2026-09-15
jobindex,r13992604,Student Assistant for external project,Copenhagen Business School,Frederiksberg,55.6815494,12.53045198,https://www.jobindex.dk/vis-job/r13992604,2026-09-11,2026-09-24,date,2026-09-15,2026-09-15
jobindex,r13993607,Fleksibelt studiejob hos Tech Chapter – ca. 10 timer om ugen,Tech Chapter ApS,Søborg,55.74010186,12.47664215,https://www.jobindex.dk/vis-job/r13993607,2026-09-14,2026-09-19,date,2026-09-15,2026-09-15
jobindex,r13993678,Marketing Student Assistant,PAIBLOCK A/S,Søborg,55.73643466,12.4893488,https://www.jobindex.dk/vis-job/r13993678,2026-09-14,2026-11-09,date,2026-09-15,2026-09-15
jobindex,r13994391,SODAS is seeking a new student assistant for research project on sea level rise,KU-CENTER FOR SUNDHED OG SAMFUND,København K,55.6878461,12.5696519,https://www.jobindex.dk/vis-job/r13994391,2026-09-14,2026-09-28,date,2026-09-15,2026-09-15
jobindex,r13994864,Want to help rethink the foundation of the internet? Become a PhD student at DTU Electro,DTU Electro,Kgs. Lyngby,55.7813799,12.5173567,https://www.jobindex.dk/vis-job/r13994864,2026-09-15,2026-10-26,date,2026-09-15,2026-09-15
studerendeonline,1541101,DSA søger kreativ og udadvendt studerende,DSA - Danske Sundhedsorganisationers A-kasse,Storkøbenhavn,,,https://studerendeonline.dk/job/1541101/dsa-danske-sundhedsorganisationers-a-kasse/dsa-soger-kreativ-og-udadvendt-studerende/,2025-12-11,,asap,2026-09-15,2026-09-15
studerendeonline,1571723,Hjælpetræner for børn og unge,Hovedstadens Svømmeklub,Storkøbenhavn,,,https://studerendeonline.dk/job/1571723/hovedstadens-svommeklub/hjaelpetraener-for-born-og-unge/,2026-08-26,2027-05-28,date,2026-09-15,2026-09-15
studerendeonline,1571724,Svømmetræner for børn og unge,Hovedstadens Svømmeklub,Storkøbenhavn,,,https://studerendeonline.dk/job/1571724/hovedstadens-svommeklub/svommetraener-for-born-og-unge/,2026-08-26,2027-05-28,date,2026-09-15,2026-09-15
studerendeonline,1571725,Svømmetræner for pige- og kvindehold,Hovedstadens Svømmeklub,Storkøbenhavn,,,https://studerendeonline.dk/job/1571725/hovedstadens-svommeklub/svommetraener-for-pige-og-kvindehold/,2026-08-26,2027-05-28,date,2026-09-15,2026-09-15
studerendeonline,1571726,Svømmetræner for voksenhold,Hovedstadens Svømmeklub,Storkøbenhavn,,,https://studerendeonline.dk/job/1571726/hovedstadens-svommeklub/svommetraener-for-voksenhold/,2026-08-26,2027-05-28,date,2026-09-15,2026-09-15
studerendeonline,1571727,Træner for udspringshold,Hovedstadens Svømmeklub,Storkøbenhavn,,,https://studerendeonline.dk/job/1571727/hovedstadens-svommeklub/traener-for-udspringshold/,2026-08-26,2027-05-28,date,2026-09-15,2026-09-15
studerendeonline,1572663,Træner til babysvømning,Hovedstadens Svømmeklub,Storkøbenhavn,,,https://studerendeonline.dk/job/1572663/hovedstadens-svommeklub/traener-til-babysvomning/,2026-08-26,2027-05-28,date,2026-09-15,2026-09-15
studerendeonline,1617657,Sygeplejestuderende,Plejevikar,Storkøbenhavn,,,https://studerendeonline.dk/job/1617657/plejevikar/sygeplejestuderende/,2026-08-18,,asap,2026-09-15,2026-09-15
studerendeonline,1776814,Studentermedhjælper til Service Desk,Knowledge Cube,"Storkøbenhavn, Øresundsregionen",,,https://studerendeonline.dk/job/1776814/knowledge-cube/studentermedhjaelper-til-service-desk/,2024-09-26,,asap,2026-09-15,2026-09-15
studerendeonline,1883721,Svømmetræner for børn med psykiske funktionsnedsættelser,Hovedstadens Svømmeklub,Storkøbenhavn,,,https://studerendeonline.dk/job/1883721/hovedstadens-svommeklub/svommetraener-for-born-med-psykiske-funktionsnedsaettelser/,2026-08-26,2027-05-28,date,2026-09-15,2026-09-15
studerendeonline,1983948,Træner for Kunstsvømning,Hovedstadens Svømmeklub,Storkøbenhavn,,,https://studerendeonline.dk/job/1983948/hovedstadens-svommeklub/traener-for-kunstsvomning/,2026-08-26,2027-05-28,date,2026-09-15,2026-09-15
studerendeonline,1985348,Website support Assistant,Lovecast,Storkøbenhavn,,,https://studerendeonline.dk/job/1985348/lovecast/website-support-assistant/,2025-03-13,,asap,2026-09-15,2026-09-15
studerendeonline,1998024,Askovhus søger relationsmedarbejder (studiejob),ASKOVHUS ApS,Storkøbenhavn,,,https://studerendeonline.dk/job/1998024/askovhus-aps/askovhus-soger-relationsmedarbejder-studiejob/,2026-04-30,,asap,2026-09-15,2026-09-15
studerendeonline,2143411,Telemarketing Fundraiser,Red Barnet,Storkøbenhavn,,,https://studerendeonline.dk/job/2143411/red-barnet/telemarketing-fundraiser/,2026-09-10,2026-10-08,date,2026-09-15,2026-09-15
studerendeonline,2206857,Studentermedhjælper,MARTINSEN STATSAUTORISERET REVISIONSPARTNERSELSKAB,Storkøbenhavn,,,https://studerendeonline.dk/job/2206857/martinsen-statsautoriseret-revisionspartnerselskab/studentermedhjaelper/,2026-05-19,,asap,2026-09-15,2026-09-15
studerendeonline,2328427,Fundraiser til København - Pepperminds DK,Pepperminds Denmark ApS,Storkøbenhavn,,,https://studerendeonline.dk/job/2328427/pepperminds-denmark-aps/fundraiser-til-kobenhavn-pepperminds-dk/,2025-03-13,,asap,2026-09-15,2026-09-15
studerendeonline,2392104,Law Student,Plesner,"Storkøbenhavn, Fyn, Østjylland (Aarhus)",,,https://studerendeonline.dk/job/2392104/plesner/law-student/,2026-02-27,,asap,2026-09-15,2026-09-15
studerendeonline,2392105,Student - HA(jur.),Plesner,"Storkøbenhavn, Fyn, Østjylland (Aarhus)",,,https://studerendeonline.dk/job/2392105/plesner/student-hajur/,2026-02-18,,asap,2026-09-15,2026-09-15
studerendeonline,2403426,Hjælpetræner for pige- og kvindehold,Hovedstadens Svømmeklub,"Storkøbenhavn, Øresundsregionen",,,https://studerendeonline.dk/job/2403426/hovedstadens-svommeklub/hjaelpetraener-for-pige-og-kvindehold/,2026-08-26,2027-05-28,date,2026-09-15,2026-09-15
studerendeonline,2466774,Sygeplejestuderende til Vikarkorps,Region Hovedstaden,"Storkøbenhavn, Sydøstjylland, Øresundsregionen",,,https://studerendeonline.dk/job/2466774/region-hovedstaden/sygeplejestuderende-til-vikarkorps/,2026-08-26,2027-06-11,date,2026-09-15,2026-09-15
studerendeonline,2479500,"Client Service Associate (Student Assistant) - Native Polish, Czech/Slovak Speaker",Saxo Bank A/S,"Storkøbenhavn, Øresundsregionen",,,https://studerendeonline.dk/job/2479500/saxo-bank-as/client-service-associate-student-assistant-native-polish-czechslovak-speaker/,2026-07-31,,asap,2026-09-15,2026-09-15
studerendeonline,2524527,Student Digital Sales Associate,Saxo Bank A/S,"Storkøbenhavn, Øresundsregionen",,,https://studerendeonline.dk/job/2524527/saxo-bank-as/student-digital-sales-associate/,2025-11-05,,asap,2026-09-15,2026-09-15
studerendeonline,2572461,"Student Assistant, Netcompany Consulting : Copenhagen, Aarhus or Aalborg",Netcompany A/S,"Storkøbenhavn, Østjylland (Aarhus), Nordjylland",,,https://studerendeonline.dk/job/2572461/netcompany-as/student-assistant-netcompany-consulting-copenhagen-aarhus-or-aalborg/,2026-06-18,,asap,2026-09-15,2026-09-15
studerendeonline,2576254,"Student Assistant, Netcompany IT Security: Copenhagen",Netcompany A/S,Storkøbenhavn,,,https://studerendeonline.dk/job/2576254/netcompany-as/student-assistant-netcompany-it-security-copenhagen/,2026-07-28,,asap,2026-09-15,2026-09-15
studerendeonline,2585733,Fittingmodel XL - Part Time,Samsøe & Samsøe,Storkøbenhavn,,,https://studerendeonline.dk/job/2585733/samsoe-samsoe/fittingmodel-xl-part-time/,2025-11-21,,asap,2026-09-15,2026-09-15
studerendeonline,2629651,Studentermedarbejder til rollen som onlinevært hos JUC i København,JUC,Storkøbenhavn,,,https://studerendeonline.dk/job/2629651/juc/studentermedarbejder-til-rollen-som-onlinevaert-hos-juc-i-kobenhavn/,2026-09-08,,asap,2026-09-15,2026-09-15
studerendeonline,2631413,Business Analyst,Responsive A/S,Storkøbenhavn,,,https://studerendeonline.dk/job/2631413/responsive-as/business-analyst/,2026-08-04,,asap,2026-09-15,2026-09-15
studerendeonline,2643245,2-3 medicinstuderende søges til praksis i Lyngby,Studerendes Almen Medicinske Selskab (SAMS),"Storkøbenhavn, Øresundsregionen",,,https://studerendeonline.dk/job/2643245/studerendes-almen-medicinske-selskab-sams/2-3-medicinstuderende-soges-til-praksis-i-lyngby/,2026-04-26,,asap,2026-09-15,2026-09-15
studerendeonline,2657177,Nitor's Student Network,Nitor Energy A/S,Storkøbenhavn,,,https://studerendeonline.dk/job/2657177/nitor-energy-as/nitors-student-network/,2025-06-06,,asap,2026-09-15,2026-09-15
studerendeonline,2729631,Studiejob som Developer,Immeo,Storkøbenhavn,,,https://studerendeonline.dk/job/2729631/immeo/studiejob-som-developer/,2026-08-25,,asap,2026-09-15,2026-09-15
studerendeonline,2743226,Løbende stillingsopslag: Studentermedhjælpere til Facility Services,DM,"Storkøbenhavn, Øresundsregionen",,,https://studerendeonline.dk/job/2743226/dm/lobende-stillingsopslag-studentermedhjaelpere-til-facility-services/,2026-08-15,,asap,2026-09-15,2026-09-15
studerendeonline,2751404,Hjælpetræner til træning i hjemmet — Fysiofresh,Fysiofresh Aps,Storkøbenhavn,,,https://studerendeonline.dk/job/2751404/fysiofresh-aps/hjaelpetraener-til-traening-i-hjemmet-fysiofresh/,2026-08-03,,asap,2026-09-15,2026-09-15
studerendeonline,2778114,Studiejob: Associate Business Central Consultant,Cand,"Storkøbenhavn, Nordjylland, Øresundsregionen",,,https://studerendeonline.dk/job/2778114/cand/studiejob-associate-business-central-consultant/,2025-09-09,,asap,2026-09-15,2026-09-15
studerendeonline,2779865,MARKETING OG KOMMUNIKATION,Flex Media ApS,"Storkøbenhavn, Øresundsregionen, Udlandet (øvrige) ( Delvist fjernarbejde )",,,https://studerendeonline.dk/job/2779865/flex-media-aps/marketing-og-kommunikation/,2025-08-26,,asap,2026-09-15,2026-09-15
studerendeonline,2784030,Data Engineering Student Analyst,ABACUS MEDICINE A/S,Storkøbenhavn,,,https://studerendeonline.dk/job/2784030/abacus-medicine-as/data-engineering-student-analyst/,2025-04-01,,asap,2026-09-15,2026-09-15
studerendeonline,2819360,Studiejob: Marketingkoordinator,Cand,Storkøbenhavn,,,https://studerendeonline.dk/job/2819360/cand/studiejob-marketingkoordinator/,2025-10-02,,asap,2026-09-15,2026-09-15
studerendeonline,2838387,Glade og humørfyldte medarbejdere til Matas,MOMENT A/S,Storkøbenhavn,,,https://studerendeonline.dk/job/2838387/moment-as/glade-og-humorfyldte-medarbejdere-til-matas/,2026-09-11,,asap,2026-09-15,2026-09-15
studerendeonline,2861636,Fittingmodel - Part Time,Samsøe & Samsøe,Storkøbenhavn,,,https://studerendeonline.dk/job/2861636/samsoe-samsoe/fittingmodel-part-time/,2026-08-14,,asap,2026-09-15,2026-09-15
studerendeonline,2862727,Relationsskabende salg,Cand,Storkøbenhavn,,,https://studerendeonline.dk/job/2862727/cand/relationsskabende-salg/,2025-09-02,,asap,2026-09-15,2026-09-15
studerendeonline,2886942,Forandringsagent,KFUM og KFUK i Danmark,"Storkøbenhavn, Østjylland (Aarhus), Øresundsregionen",,,https://studerendeonline.dk/job/2886942/kfum-og-kfuk-i-danmark/forandringsagent/,2026-09-10,,asap,2026-09-15,2026-09-15
studerendeonline,2894777,Studentermedhjælper med talent for salg og kommunikation ved Nordiske Medier,Nordiske Medier,Storkøbenhavn,,,https://studerendeonline.dk/job/2894777/nordiske-medier/studentermedhjaelper-med-talent-for-salg-og-kommunikation-ved-nordiske-medier/,2025-09-25,,asap,2026-09-15,2026-09-15
studerendeonline,2896213,Praktik og studiejob som finansøkonom,Koch / Christensen Advokatfirma,"Storkøbenhavn, Øresundsregionen",,,https://studerendeonline.dk/job/2896213/koch-christensen-advokatfirma/praktik-og-studiejob-som-finansokonom/,2026-09-07,,asap,2026-09-15,2026-09-15
studerendeonline,2941816,IT-Assistant,Cand,Storkøbenhavn,,,https://studerendeonline.dk/job/2941816/cand/it-assistant/,2025-12-09,,asap,2026-09-15,2026-09-15
studerendeonline,2941817,Finance assistant,Cand,Storkøbenhavn,,,https://studerendeonline.dk/job/2941817/cand/finance-assistant/,2025-12-12,,asap,2026-09-15,2026-09-15
studerendeonline,2947765,Svømmetræner for drengesvømning,Hovedstadens Svømmeklub,"Storkøbenhavn, Øresundsregionen",,,https://studerendeonline.dk/job/2947765/hovedstadens-svommeklub/svommetraener-for-drengesvomning/,2026-08-26,2027-05-28,date,2026-09-15,2026-09-15
studerendeonline,2955969,Marketing Student,Uniify ApS,Storkøbenhavn,,,https://studerendeonline.dk/job/2955969/uniify-aps/marketing-student/,2026-08-05,,asap,2026-09-15,2026-09-15
studerendeonline,2970727,"Sygeplejestuderende til fast weekendvagt søges – Rygårdcentret, afdeling Egelunden 2. sal - Gentofte Kommune",Gentofte Kommune,Storkøbenhavn,,,https://studerendeonline.dk/job/2970727/gentofte-kommune/sygeplejestuderende-til-fast-weekendvagt-soges-rygardcentret-afdeling-egelunden-2-sal-gentofte-kommune/,2026-01-29,,asap,2026-09-15,2026-09-15
studerendeonline,2973201,Vil du gerne have en unik mulighed for at få indblik i arbejdsopgaverne hos erfarne Full Stack Developere?,NxM Business Solutions ApS,Storkøbenhavn,,,https://studerendeonline.dk/job/2973201/nxm-business-solutions-aps/vil-du-gerne-have-en-unik-mulighed-for-at-fa-indblik-i-arbejdsopgaverne-hos-erfarne-full-stack-developere/,2026-02-02,,asap,2026-09-15,2026-09-15
studerendeonline,2975536,Opslag hos Texas Instruments,Texas Instruments,"Storkøbenhavn, Østjylland (Aarhus), Øresundsregionen",,,https://studerendeonline.dk/job/2975536/texas-instruments/opslag-hos-texas-instruments/,2026-09-03,,asap,2026-09-15,2026-09-15
studerendeonline,2976681,Facer (Field-fundraiser),Børns Vilkår,"Storkøbenhavn, Øresundsregionen",,,https://studerendeonline.dk/job/2976681/borns-vilkar/facer-field-fundraiser/,2026-02-06,,asap,2026-09-15,2026-09-15
studerendeonline,2979122,Studiejob hos Peytz - part of iO,Peytz & Co.,Storkøbenhavn,,,https://studerendeonline.dk/job/2979122/peytz-co/studiejob-hos-peytz-part-of-io/,2026-02-11,,asap,2026-09-15,2026-09-15
studerendeonline,2994799,"Interesseret i studiejob, -samarbejde, -praktik eller læreplads hos LiqTech?",LiqTech,"Storkøbenhavn, Nordjylland",,,https://studerendeonline.dk/job/2994799/liqtech/interesseret-i-studiejob-samarbejde-praktik-eller-laereplads-hos-liqtech/,2026-03-06,,asap,2026-09-15,2026-09-15
studerendeonline,2996055,Student Assistant - Marketing & Communications,Satair,"Storkøbenhavn, Øresundsregionen",,,https://studerendeonline.dk/job/2996055/satair/student-assistant-marketing-communications/,2026-09-07,,asap,2026-09-15,2026-09-15
studerendeonline,2998794,"Internship for Bachelor of Engineering students, Operations & Infrastructure : Copenhagen",Netcompany A/S,Storkøbenhavn,,,https://studerendeonline.dk/job/2998794/netcompany-as/internship-for-bachelor-of-engineering-students-operations-infrastructure-copenhagen/,2026-08-28,,asap,2026-09-15,2026-09-15
studerendeonline,3009198,Internship- Sales or Solution Engineering Paths-Copenhagen,Salesforce,Storkøbenhavn,,,https://studerendeonline.dk/job/3009198/salesforce/internship-sales-or-solution-engineering-paths-copenhagen/,2026-07-09,,asap,2026-09-15,2026-09-15
studerendeonline,3011795,Nordisk Kulturfond søger to nye studentermedarbejdere,Nordisk Kulturfond,Storkøbenhavn,,,https://studerendeonline.dk/job/3011795/nordisk-kulturfond/nordisk-kulturfond-soger-to-nye-studentermedarbejdere/,2026-03-27,,asap,2026-09-15,2026-09-15
studerendeonline,3017068,"Ambassadører til studiestart hos Datalogi, Software (AAL/KBH) og Informationsteknologi (2026)",Aalborg Universitet (AAU),"Storkøbenhavn, Sydvestjylland (Esbjerg), Nordjylland",,,https://studerendeonline.dk/job/3017068/aalborg-universitet-aau/ambassadorer-til-studiestart-hos-datalogi-software-aalkbh-og-informationsteknologi-2026/,2026-08-26,2026-09-30,date,2026-09-15,2026-09-15
studerendeonline,3018169,INTERVIEWER HOS VOXMETER,VOXMETER A/S,Storkøbenhavn ( Delvist fjernarbejde ),,,https://studerendeonline.dk/job/3018169/voxmeter-as/interviewer-hos-voxmeter/,2026-09-15,,asap,2026-09-15,2026-09-15
studerendeonline,3024622,Analytisk studentermedhjælper til Sales Excellence i Danica,Danske Bank,Storkøbenhavn,,,https://studerendeonline.dk/job/3024622/danske-bank/analytisk-studentermedhjaelper-til-sales-excellence-i-danica/,2026-09-04,,asap,2026-09-15,2026-09-15
studerendeonline,3037632,"Student assistant with solid analytical skills, Plant & Food Marketing, Lyngby",Novonesis (Novozymes),"Storkøbenhavn, Øresundsregionen",,,https://studerendeonline.dk/job/3037632/novonesis-novozymes/student-assistant-with-solid-analytical-skills-plant-food-marketing-lyngby/,2026-08-26,,,2026-09-15,2026-09-15
studerendeonline,3042294,Juniorkonsulent med stærke kommunikationsfærdigheder - We Do Democracy,Wedodemocracy ApS,Storkøbenhavn,,,https://studerendeonline.dk/job/3042294/wedodemocracy-aps/juniorkonsulent-med-staerke-kommunikationsfaerdigheder-we-do-democracy/,2026-05-13,,asap,2026-09-15,2026-09-15
studerendeonline,3042767,Studiejob: Konsulent indenfor projektudvikling og analyse,Cand,Storkøbenhavn,,,https://studerendeonline.dk/job/3042767/cand/studiejob-konsulent-indenfor-projektudvikling-og-analyse/,2026-08-05,,asap,2026-09-15,2026-09-15
studerendeonline,3046035,Lægecenter Værløse søger medicinstuderende,Studerendes Almen Medicinske Selskab (SAMS),Storkøbenhavn,,,https://studerendeonline.dk/job/3046035/studerendes-almen-medicinske-selskab-sams/laegecenter-vaerlose-soger-medicinstuderende/,2026-05-19,,asap,2026-09-15,2026-09-15
studerendeonline,3051075,"Student Assistant, Global Supply Chain",Ambu A/S,Storkøbenhavn,,,https://studerendeonline.dk/job/3051075/ambu-as/student-assistant-global-supply-chain/,2026-09-15,,asap,2026-09-15,2026-09-15
studerendeonline,3056590,Studiejob med mening? Bliv rådgiver hos Djøf,DJØF,Storkøbenhavn,,,https://studerendeonline.dk/job/3056590/djof/studiejob-med-mening-bliv-radgiver-hos-djof/,2026-09-15,,asap,2026-09-15,2026-09-15
studerendeonline,3059359,Miljø og plan vækster i Bruun & Hjejle,Bruun & Hjejle Advokatpartnerselskab,Storkøbenhavn,,,https://studerendeonline.dk/job/3059359/bruun-hjejle-advokatpartnerselskab/miljo-og-plan-vaekster-i-bruun-hjejle/,2026-09-01,2026-09-30,date,2026-09-15,2026-09-15
studerendeonline,3059705,Studiejob: Marketingskonsulent,Cand,Storkøbenhavn,,,https://studerendeonline.dk/job/3059705/cand/studiejob-marketingskonsulent/,2026-08-20,,asap,2026-09-15,2026-09-15
studerendeonline,3059706,Studiejob: Kommerciel Generalist med CRM-fokus,Cand,"Storkøbenhavn, Øresundsregionen",,,https://studerendeonline.dk/job/3059706/cand/studiejob-kommerciel-generalist-med-crm-fokus/,2026-06-09,,asap,2026-09-15,2026-09-15
studerendeonline,3061353,Part-Time Sales Advisor,Samsøe & Samsøe,Storkøbenhavn,,,https://studerendeonline.dk/job/3061353/samsoe-samsoe/part-time-sales-advisor/,2026-08-28,,asap,2026-09-15,2026-09-15
studerendeonline,3062186,Studiejob: Økonomikonsulent,Cand,Storkøbenhavn,,,https://studerendeonline.dk/job/3062186/cand/studiejob-okonomikonsulent/,2026-06-12,,asap,2026-09-15,2026-09-15
studerendeonline,3062299,"Læser du jura eller erhvervsjura og drømmer om et studiejob hos Kromann Reumert, København?",Kromann Reumert,"Storkøbenhavn, Øresundsregionen",,,https://studerendeonline.dk/job/3062299/kromann-reumert/laeser-du-jura-eller-erhvervsjura-og-drommer-om-et-studiejob-hos-kromann-reumert-kobenhavn/,2026-06-22,2027-02-01,date,2026-09-15,2026-09-15
studerendeonline,3063063,"QA Student WorkerCopenhagen, DK%LABEL_POSITION_TYPE_PART_TIME%",PLAYDEAD ApS,Storkøbenhavn,,,https://studerendeonline.dk/job/3063063/playdead-aps/qa-student-workercopenhagen-dklabel-position-type-part-time/,2026-09-07,,asap,2026-09-15,2026-09-15
studerendeonline,3063216,Studiejob: IT- og netværkskonsulent,Cand,Storkøbenhavn,,,https://studerendeonline.dk/job/3063216/cand/studiejob-it-og-netvaerkskonsulent/,2026-06-15,,asap,2026-09-15,2026-09-15
studerendeonline,3063219,Studiejob: BI konsulent,Cand,Storkøbenhavn,,,https://studerendeonline.dk/job/3063219/cand/studiejob-bi-konsulent/,2026-09-08,,asap,2026-09-15,2026-09-15
studerendeonline,3063972,"Studiejob: Økonomi, controlling & PowerBI",Cand,Storkøbenhavn,,,https://studerendeonline.dk/job/3063972/cand/studiejob-okonomi-controlling-powerbi/,2026-06-16,,asap,2026-09-15,2026-09-15
studerendeonline,3064043,AI Business Analyst,Responsive A/S,Storkøbenhavn,,,https://studerendeonline.dk/job/3064043/responsive-as/ai-business-analyst/,2026-08-04,,asap,2026-09-15,2026-09-15
studerendeonline,3067143,Student Assistant - Demant Commercial Audiology Team,Demant A/S,"Storkøbenhavn, Øresundsregionen",,,https://studerendeonline.dk/job/3067143/demant-as/student-assistant-demant-commercial-audiology-team/,2026-09-03,,asap,2026-09-15,2026-09-15
studerendeonline,3070908,Studiejob: Kommerciel Generalist,Cand,Storkøbenhavn,,,https://studerendeonline.dk/job/3070908/cand/studiejob-kommerciel-generalist/,2026-06-29,,asap,2026-09-15,2026-09-15
studerendeonline,3072386,"Join Halfspace’s Strategy & Execution Team: Associate Engagement Manager (Part-Time, Student Position)",Accenture,Storkøbenhavn,,,https://studerendeonline.dk/job/3072386/accenture/join-halfspaces-strategy-execution-team-associate-engagement-manager-part-time-student-position/,2026-07-01,,asap,2026-09-15,2026-09-15
studerendeonline,3075865,Assistant Project Manager (Student) for Team Projects & Innovation,Plesner,Storkøbenhavn,,,https://studerendeonline.dk/job/3075865/plesner/assistant-project-manager-student-for-team-projects-innovation/,2026-07-03,,asap,2026-09-15,2026-09-15
studerendeonline,3075906,Studiejob: Procesdokumentation og kvalitetsstyring,Cand,Storkøbenhavn,,,https://studerendeonline.dk/job/3075906/cand/studiejob-procesdokumentation-og-kvalitetsstyring/,2026-07-03,,asap,2026-09-15,2026-09-15
studerendeonline,3075907,Studiejob: CRM-Konsulent,Cand,Storkøbenhavn,,,https://studerendeonline.dk/job/3075907/cand/studiejob-crm-konsulent/,2026-07-03,,asap,2026-09-15,2026-09-15
studerendeonline,3075908,Studiejob: HR-Konsulent,Cand,Storkøbenhavn,,,https://studerendeonline.dk/job/3075908/cand/studiejob-hr-konsulent/,2026-07-03,,asap,2026-09-15,2026-09-15
studerendeonline,3076986,Studiejob: AI- og Digitaliseringskonsulent,Cand,Storkøbenhavn,,,https://studerendeonline.dk/job/3076986/cand/studiejob-ai-og-digitaliseringskonsulent/,2026-09-08,,asap,2026-09-15,2026-09-15
studerendeonline,3078021,Hiper deltidssælger,Nuuday,Storkøbenhavn,,,https://studerendeonline.dk/job/3078021/nuuday/hiper-deltidssaelger/,2026-07-07,,asap,2026-09-15,2026-09-15
studerendeonline,3080762,Student Assistant - Service Sales,KK Group A/S,Storkøbenhavn,,,https://studerendeonline.dk/job/3080762/kk-group-as/student-assistant-service-sales/,2026-07-13,,asap,2026-09-15,2026-09-15
studerendeonline,3083487,Studiejob: HR & Organisationsudvikling,Cand,Storkøbenhavn,,,https://studerendeonline.dk/job/3083487/cand/studiejob-hr-organisationsudvikling/,2026-07-20,,asap,2026-09-15,2026-09-15
studerendeonline,3088300,Automation Engineer søges,Digital Disruption Media A/S,Storkøbenhavn,,,https://studerendeonline.dk/job/3088300/digital-disruption-media-as/automation-engineer-soges/,2026-08-26,,asap,2026-09-15,2026-09-15
studerendeonline,3088301,"Studentermedarbejder – Video, AI & Sociale Medier",Digital Disruption Media A/S,Storkøbenhavn,,,https://studerendeonline.dk/job/3088301/digital-disruption-media-as/studentermedarbejder-video-ai-sociale-medier/,2026-08-26,,asap,2026-09-15,2026-09-15
studerendeonline,3088934,"Student, Finance Business Partner – Reporting & Strategic Insight",CrediWire,Storkøbenhavn,,,https://studerendeonline.dk/job/3088934/crediwire/student-finance-business-partner-reporting-strategic-insight/,2026-08-24,,asap,2026-09-15,2026-09-15
studerendeonline,3089327,Teilzeit - Sales Advisor Werkstudent (M/W/D),Samsøe & Samsøe,Storkøbenhavn,,,https://studerendeonline.dk/job/3089327/samsoe-samsoe/teilzeit-sales-advisor-werkstudent-mwd/,2026-07-29,,asap,2026-09-15,2026-09-15
studerendeonline,3090150,Student Assistant,Satair,"Storkøbenhavn, Øresundsregionen",,,https://studerendeonline.dk/job/3090150/satair/student-assistant/,2026-07-31,,asap,2026-09-15,2026-09-15
studerendeonline,3090436,Stud.med. søges til klinisk forskningsprojekt på Herlev Hospital,Studerendes Almen Medicinske Selskab (SAMS),"Storkøbenhavn, Øresundsregionen",,,https://studerendeonline.dk/job/3090436/studerendes-almen-medicinske-selskab-sams/studmed-soges-til-klinisk-forskningsprojekt-pa-herlev-hospital/,2026-07-31,,asap,2026-09-15,2026-09-15
studerendeonline,3091270,"Associate, Operations",Merkle Denmark,Storkøbenhavn,,,https://studerendeonline.dk/job/3091270/merkle-denmark/associate-operations/,2026-08-03,,asap,2026-09-15,2026-09-15
studerendeonline,3091533,Opslag hos JAKON A/S,JAKON A/S,Storkøbenhavn,,,https://studerendeonline.dk/job/3091533/jakon-as/opslag-hos-jakon-as/,2026-08-03,,asap,2026-09-15,2026-09-15
studerendeonline,3091976,Studerende til databehandling,Københavns Universitet,Storkøbenhavn,,,https://studerendeonline.dk/job/3091976/kobenhavns-universitet/studerende-til-databehandling/,2026-08-04,,,2026-09-15,2026-09-15
studerendeonline,3092929,Studiejob: Marketingassistent,Cand,Storkøbenhavn,,,https://studerendeonline.dk/job/3092929/cand/studiejob-marketingassistent/,2026-08-05,,asap,2026-09-15,2026-09-15
studerendeonline,3092930,Studiejob: Økonomiassistent,Cand,Storkøbenhavn,,,https://studerendeonline.dk/job/3092930/cand/studiejob-okonomiassistent/,2026-08-05,,asap,2026-09-15,2026-09-15
studerendeonline,3093052,Student Assistant,Milestone Systems,Storkøbenhavn,,,https://studerendeonline.dk/job/3093052/milestone-systems/student-assistant/,2026-08-05,,asap,2026-09-15,2026-09-15
studerendeonline,3093602,Mediegrafikerelev,Danske Spil A/S,"Storkøbenhavn, Øresundsregionen",,,https://studerendeonline.dk/job/3093602/danske-spil-as/mediegrafikerelev/,2026-09-14,,,2026-09-15,2026-09-15
studerendeonline,3095196,Studiejob: HR-administration og intern kommunikation,Cand,Storkøbenhavn,,,https://studerendeonline.dk/job/3095196/cand/studiejob-hr-administration-og-intern-kommunikation/,2026-08-10,,asap,2026-09-15,2026-09-15
studerendeonline,3095433,Studentermedhjælper til kommunikation,e-conomic Danmark,Storkøbenhavn,,,https://studerendeonline.dk/job/3095433/e-conomic-danmark/studentermedhjaelper-til-kommunikation/,2026-09-14,,asap,2026-09-15,2026-09-15
studerendeonline,3095749,Kommunikationsstuderende til personlig branding og profilering,Poul Schmith - Kammeradvokaten,Storkøbenhavn,,,https://studerendeonline.dk/job/3095749/poul-schmith-kammeradvokaten/kommunikationsstuderende-til-personlig-branding-og-profilering/,2026-08-11,2026-09-19,date,2026-09-15,2026-09-15
studerendeonline,3096001,Studentermedhjælper til Facility Management og Reception,WS Audiology Denmark A/S,"Storkøbenhavn, Nordsjælland",,,https://studerendeonline.dk/job/3096001/ws-audiology-denmark-as/studentermedhjaelper-til-facility-management-og-reception/,2026-09-07,,asap,2026-09-15,2026-09-15
studerendeonline,3096281,Kickstart dit CV med fleksibel ansættelse og et job med mening – søg timeløns ansættelse i retspsykiatriens sengeafsnit,Region Sjælland,"Storkøbenhavn, Østsjælland, Vestsjælland",,,https://studerendeonline.dk/job/3096281/region-sjaelland/kickstart-dit-cv-med-fleksibel-ansaettelse-og-et-job-med-mening-sog-timelons-ansaettelse-i-retspsykiatriens-sengeafsnit/,2026-08-19,2026-10-01,date,2026-09-15,2026-09-15
studerendeonline,3097650,External Lecturer – “Muscles in Motion: Exercise Science” – DIS Copenhagen,DIS,"Danish Institute for Study Abroad, Storkøbenhavn",,,https://studerendeonline.dk/job/3097650/dis-danish-institute-for-study-abroad/external-lecturer-muscles-in-motion-exercise-science-dis-copenhagen/,2026-09-10,2026-10-18,date,2026-09-15,2026-09-15
studerendeonline,3097651,External Lecturer – “AI and the Future of Clinical Care” – DIS Copenhagen,DIS,"Danish Institute for Study Abroad, Storkøbenhavn",,,https://studerendeonline.dk/job/3097651/dis-danish-institute-for-study-abroad/external-lecturer-ai-and-the-future-of-clinical-care-dis-copenhagen/,2026-09-10,2026-10-18,date,2026-09-15,2026-09-15
studerendeonline,3098052,Formidler til DTU ScienceShow - DTU Kemi,Danmarks Tekniske Universitet,"Storkøbenhavn, Øresundsregionen",,,https://studerendeonline.dk/job/3098052/danmarks-tekniske-universitet/formidler-til-dtu-scienceshow-dtu-kemi/,2026-08-13,2026-09-21,date,2026-09-15,2026-09-15
studerendeonline,3098331,Studentermedhjælper søges til rekruttering og HR,StudentConsulting,Storkøbenhavn,,,https://studerendeonline.dk/job/3098331/studentconsulting/studentermedhjaelper-soges-til-rekruttering-og-hr/,2026-08-15,,asap,2026-09-15,2026-09-15
studerendeonline,3098432,"Student Assistant, Quality Assurance - Golf Application",TRACKMAN A/S,"Storkøbenhavn, Nordsjælland, Udlandet (øvrige)",,,https://studerendeonline.dk/job/3098432/trackman-as/student-assistant-quality-assurance-golf-application/,2026-08-14,,asap,2026-09-15,2026-09-15
studerendeonline,3099778,Job: Bliv studentermedhjælper hos De grønne pigespejdere,De grønne pigespejdere,Storkøbenhavn,,,https://studerendeonline.dk/job/3099778/de-gronne-pigespejdere/job-bliv-studentermedhjaelper-hos-de-gronne-pigespejdere/,2026-08-17,,asap,2026-09-15,2026-09-15
studerendeonline,3099906,Studentermedhjælper til økonomiske analyser,Forsikring & Pension,"Storkøbenhavn, Øresundsregionen",,,https://studerendeonline.dk/job/3099906/forsikring-pension/studentermedhjaelper-til-okonomiske-analyser/,2026-08-17,2026-09-20,date,2026-09-15,2026-09-15
studerendeonline,3100301,Studentermedhjælpere til AML-teamet i Danmarks Eksport- & Investeringsfond (EIFO),EIFO - Danmarks Eksport- og Investeringsfond,Storkøbenhavn,,,https://studerendeonline.dk/job/3100301/eifo-danmarks-eksport-og-investeringsfond/studentermedhjaelpere-til-aml-teamet-i-danmarks-eksport-investeringsfond-eifo/,2026-08-18,,,2026-09-15,2026-09-15
studerendeonline,3100615,Studentermedhjælper til procesforbedring og kvalitetssikring,KAB,Storkøbenhavn,,,https://studerendeonline.dk/job/3100615/kab/studentermedhjaelper-til-procesforbedring-og-kvalitetssikring/,2026-08-18,,,2026-09-15,2026-09-15
studerendeonline,3100790,Studiejob: Økonomi & BI - konsulent,Cand,Storkøbenhavn,,,https://studerendeonline.dk/job/3100790/cand/studiejob-okonomi-bi-konsulent/,2026-08-18,,asap,2026-09-15,2026-09-15
studerendeonline,3100791,Studiejob: Rettighedsadministrator,Cand,Storkøbenhavn,,,https://studerendeonline.dk/job/3100791/cand/studiejob-rettighedsadministrator/,2026-08-18,,asap,2026-09-15,2026-09-15
studerendeonline,3100991,Marketing Student Assistant,Everllence,Storkøbenhavn,,,https://studerendeonline.dk/job/3100991/everllence/marketing-student-assistant/,2026-08-26,,,2026-09-15,2026-09-15
studerendeonline,3101043,Studentermedhjælp til Biogas,E.ON Danmark A/S,"Storkøbenhavn, Øresundsregionen",,,https://studerendeonline.dk/job/3101043/eon-danmark-as/studentermedhjaelp-til-biogas/,2026-08-19,,asap,2026-09-15,2026-09-15
studerendeonline,3101050,Stud.jur. job | ØENS Advokatfirma | Ansøg jobbet her,Koch / Christensen Advokatfirma,Storkøbenhavn,,,https://studerendeonline.dk/job/3101050/koch-christensen-advokatfirma/studjur-job-oens-advokatfirma-ansog-jobbet-her/,2026-08-19,,asap,2026-09-15,2026-09-15
studerendeonline,3101530,Ansvarlig for kunderådgivning (studentermedhjælper),CLEVER A/S,Storkøbenhavn,,,https://studerendeonline.dk/job/3101530/clever-as/ansvarlig-for-kunderadgivning-studentermedhjaelper/,2026-09-07,2026-09-20,date,2026-09-15,2026-09-15
studerendeonline,3101627,Lægepraksis på Vesterbro en stud.med.,Studerendes Almen Medicinske Selskab (SAMS),Storkøbenhavn,,,https://studerendeonline.dk/job/3101627/studerendes-almen-medicinske-selskab-sams/laegepraksis-pa-vesterbro-en-studmed/,2026-08-19,,asap,2026-09-15,2026-09-15
studerendeonline,3101628,Lægehuset Krumtappen i Valby søger 2-4 medicinstuderende,Studerendes Almen Medicinske Selskab (SAMS),"Storkøbenhavn, Øresundsregionen",,,https://studerendeonline.dk/job/3101628/studerendes-almen-medicinske-selskab-sams/laegehuset-krumtappen-i-valby-soger-2-4-medicinstuderende/,2026-08-19,2026-09-30,date,2026-09-15,2026-09-15
studerendeonline,3101629,Familielægen Højberg søger stud.med.,Studerendes Almen Medicinske Selskab (SAMS),Storkøbenhavn,,,https://studerendeonline.dk/job/3101629/studerendes-almen-medicinske-selskab-sams/familielaegen-hojberg-soger-studmed/,2026-08-19,,,2026-09-15,2026-09-15
studerendeonline,3101827,Administrativ studentermedhjælper,Red Barnet,"Storkøbenhavn, Øresundsregionen",,,https://studerendeonline.dk/job/3101827/red-barnet/administrativ-studentermedhjaelper/,2026-08-26,2026-09-30,date,2026-09-15,2026-09-15
studerendeonline,3102154,Studiejob: Forretningsanalytiker med fokus på data og AI,Cand,"Storkøbenhavn, Øresundsregionen",,,https://studerendeonline.dk/job/3102154/cand/studiejob-forretningsanalytiker-med-fokus-pa-data-og-ai/,2026-08-20,,asap,2026-09-15,2026-09-15
studerendeonline,3102253,Fleksibel stilling som studentermedhjælp hos Byggesag,Gladsaxe Kommune,Storkøbenhavn,,,https://studerendeonline.dk/job/3102253/gladsaxe-kommune/fleksibel-stilling-som-studentermedhjaelp-hos-byggesag/,2026-08-20,2026-09-20,date,2026-09-15,2026-09-15
studerendeonline,3102276,Student Assistant - Strategy,Milestone Systems,Storkøbenhavn,,,https://studerendeonline.dk/job/3102276/milestone-systems/student-assistant-strategy/,2026-08-20,,asap,2026-09-15,2026-09-15
studerendeonline,3102341,AI udvikler – hands-on studentermedhjælper - nøglespiller i drift og udvikling af AI-initiativer | FDM,FDM,"Storkøbenhavn, Øresundsregionen",,,https://studerendeonline.dk/job/3102341/fdm/ai-udvikler-hands-on-studentermedhjaelper-noglespiller-i-drift-og-udvikling-af-ai-initiativer-fdm/,2026-08-31,,asap,2026-09-15,2026-09-15
studerendeonline,3102383,Lægehuset i Borup søger medicinstuderende,Studerendes Almen Medicinske Selskab (SAMS),Storkøbenhavn,,,https://studerendeonline.dk/job/3102383/studerendes-almen-medicinske-selskab-sams/laegehuset-i-borup-soger-medicinstuderende/,2026-08-20,,,2026-09-15,2026-09-15
studerendeonline,3102569,"Student Assistant, Data Privacy",ASCENDIS PHARMA A/S,"Storkøbenhavn, Øresundsregionen, Udlandet (øvrige)",,,https://studerendeonline.dk/job/3102569/ascendis-pharma-as/student-assistant-data-privacy/,2026-08-21,,asap,2026-09-15,2026-09-15
studerendeonline,3102897,Djøf søger en engageret netværkspilot med arrangementserfaring til Copenhagen Business School (15 timer/ugen),DJØF,Storkøbenhavn,,,https://studerendeonline.dk/job/3102897/djof/djof-soger-en-engageret-netvaerkspilot-med-arrangementserfaring-til-copenhagen-business-school-15-timerugen/,2026-09-13,,,2026-09-15,2026-09-15
studerendeonline,3102953,Opslag hos BIOPORTO DIAGNOSTICS A/S,BIOPORTO DIAGNOSTICS A/S,Storkøbenhavn,,,https://studerendeonline.dk/job/3102953/bioporto-diagnostics-as/opslag-hos-bioporto-diagnostics-as/,2026-08-21,,asap,2026-09-15,2026-09-15
studerendeonline,3102954,Opslag hos BIOPORTO DIAGNOSTICS A/S,BIOPORTO DIAGNOSTICS A/S,"Storkøbenhavn, Øresundsregionen",,,https://studerendeonline.dk/job/3102954/bioporto-diagnostics-as/opslag-hos-bioporto-diagnostics-as/,2026-08-21,,asap,2026-09-15,2026-09-15
studerendeonline,3103149,Student Assistant for ESG Finance,Bavarian Nordic A/S,"Storkøbenhavn, Øresundsregionen",,,https://studerendeonline.dk/job/3103149/bavarian-nordic-as/student-assistant-for-esg-finance/,2026-08-21,,asap,2026-09-15,2026-09-15
studerendeonline,3103348,Studiejob på SOS Alarmcentral,SOS INTERNATIONAL A/S,"Storkøbenhavn, Øresundsregionen",,,https://studerendeonline.dk/job/3103348/sos-international-as/studiejob-pa-sos-alarmcentral/,2026-09-07,,,2026-09-15,2026-09-15
studerendeonline,3103359,Bachelorvejledere til sygeplejerskeuddannelsen,Københavns Professionshøjskole,Storkøbenhavn,,,https://studerendeonline.dk/job/3103359/kobenhavns-professionshojskole/bachelorvejledere-til-sygeplejerskeuddannelsen/,2026-08-24,2026-09-20,date,2026-09-15,2026-09-15
studerendeonline,3103434,"Junior Software Engineer (JAVA), Research & Development, Lystrup or Søborg",Terma A/S,"Storkøbenhavn, Østjylland (Aarhus)",,,https://studerendeonline.dk/job/3103434/terma-as/junior-software-engineer-java-research-development-lystrup-or-soborg/,2026-09-14,,asap,2026-09-15,2026-09-15
studerendeonline,3103458,"Student worker, Security, Søborg or Lystrup",Terma A/S,"Storkøbenhavn, Østjylland (Aarhus)",,,https://studerendeonline.dk/job/3103458/terma-as/student-worker-security-soborg-or-lystrup/,2026-09-14,,asap,2026-09-15,2026-09-15
studerendeonline,3103478,Student Assistant in Security & Compliance at DCAI,Novo Nordisk Fonden,Storkøbenhavn,,,https://studerendeonline.dk/job/3103478/novo-nordisk-fonden/student-assistant-in-security-compliance-at-dcai/,2026-08-25,,asap,2026-09-15,2026-09-15
studerendeonline,3103487,Studentjobb for norsktalende på SOS Alarmcentral,SOS INTERNATIONAL A/S,"Storkøbenhavn, Øresundsregionen, Udlandet (Norge)",,,https://studerendeonline.dk/job/3103487/sos-international-as/studentjobb-for-norsktalende-pa-sos-alarmcentral/,2026-09-07,,,2026-09-15,2026-09-15
studerendeonline,3103488,Studentjobb for svensktalande hos SOS International larmcentral,SOS INTERNATIONAL A/S,"Storkøbenhavn, Øresundsregionen, Udlandet (Sverige)",,,https://studerendeonline.dk/job/3103488/sos-international-as/studentjobb-for-svensktalande-hos-sos-international-larmcentral/,2026-09-07,,,2026-09-15,2026-09-15
studerendeonline,3103727,"Studentermedhjælper til analyse, udvikling og strategiarbejde i Center for Dagtilbud og Uddannelse i Ishøj Kommune",Ishøj Kommune,"Storkøbenhavn, Sydsjælland & Øer, Øresundsregionen",,,https://studerendeonline.dk/job/3103727/ishoj-kommune/studentermedhjaelper-til-analyse-udvikling-og-strategiarbejde-i-center-for-dagtilbud-og-uddannelse-i-ishoj-kommune/,2026-08-24,,,2026-09-15,2026-09-15
studerendeonline,3103734,Bachelor-studerende til studiejob i Audit & Assurance hos Deloitte København,Deloitte,Storkøbenhavn,,,https://studerendeonline.dk/job/3103734/deloitte/bachelor-studerende-til-studiejob-i-audit-assurance-hos-deloitte-kobenhavn/,2026-08-24,,asap,2026-09-15,2026-09-15
studerendeonline,3103735,Cand.merc.aud.-studerende til studiejob i Audit & Assurance hos Deloitte København,Deloitte,Storkøbenhavn,,,https://studerendeonline.dk/job/3103735/deloitte/candmercaud-studerende-til-studiejob-i-audit-assurance-hos-deloitte-kobenhavn/,2026-08-24,,asap,2026-09-15,2026-09-15
studerendeonline,3103748,Vil du være med til at beskytte borgerne mod digital svindel som studentermedhjælper i Styrelsen for Samfundssikkerhed?,Styrelsen for Samfundssikkerhed,"Storkøbenhavn, Nordsjælland",,,https://studerendeonline.dk/job/3103748/styrelsen-for-samfundssikkerhed/vil-du-vaere-med-til-at-beskytte-borgerne-mod-digital-svindel-som-studentermedhjaelper-i-styrelsen-for-samfundssikkerhed/,2026-08-26,2026-09-20,date,2026-09-15,2026-09-15
studerendeonline,3103868,Dyrenes beskyttelse søger studentermedhjælper til kommunikationsafdelingen,Dyrenes Beskyttelse,Storkøbenhavn,,,https://studerendeonline.dk/job/3103868/dyrenes-beskyttelse/dyrenes-beskyttelse-soger-studentermedhjaelper-til-kommunikationsafdelingen/,2026-08-24,2026-09-27,date,2026-09-15,2026-09-15
studerendeonline,3103899,Studentermedhjælper til Frederiksberg Stadsarkiv,Frederiksberg Kommune,"Storkøbenhavn, Øresundsregionen",,,https://studerendeonline.dk/job/3103899/frederiksberg-kommune/studentermedhjaelper-til-frederiksberg-stadsarkiv/,2026-08-24,,,2026-09-15,2026-09-15
studerendeonline,3103936,"Research Specialist, IT rekruttering (studiejob)",Bloom,"Storkøbenhavn, Fyn",,,https://studerendeonline.dk/job/3103936/bloom/research-specialist-it-rekruttering-studiejob/,2026-08-24,,asap,2026-09-15,2026-09-15
studerendeonline,3103970,Student Assistant – Change Communication & Learning Content,WS Audiology Denmark A/S,"Storkøbenhavn, Nordsjælland",,,https://studerendeonline.dk/job/3103970/ws-audiology-denmark-as/student-assistant-change-communication-learning-content/,2026-09-07,,asap,2026-09-15,2026-09-15
studerendeonline,3104097,Student Data Consultant,VML MAP A/S,Storkøbenhavn ( Delvist fjernarbejde ),,,https://studerendeonline.dk/job/3104097/vml-map-as/student-data-consultant/,2026-08-24,,asap,2026-09-15,2026-09-15
studerendeonline,3104111,"Studentermedhjælper til forskningsenheden på Afdeling for Urinvejssygdomme, Herlev og Gentofte Hospital",Region Hovedstaden,"Storkøbenhavn, Øresundsregionen",,,https://studerendeonline.dk/job/3104111/region-hovedstaden/studentermedhjaelper-til-forskningsenheden-pa-afdeling-for-urinvejssygdomme-herlev-og-gentofte-hospital/,2026-08-26,,,2026-09-15,2026-09-15
studerendeonline,3104316,Kontaktperson - Lyngby-Taarbæk,CFD,"Storkøbenhavn, Øresundsregionen",,,https://studerendeonline.dk/job/3104316/cfd/kontaktperson-lyngby-taarbaek/,2026-08-25,,,2026-09-15,2026-09-15
studerendeonline,3104323,Tegnsproget kontaktperson(er) - Sjælland,CFD,"Storkøbenhavn, Øresundsregionen",,,https://studerendeonline.dk/job/3104323/cfd/tegnsproget-kontaktpersoner-sjaelland/,2026-09-02,,asap,2026-09-15,2026-09-15
studerendeonline,3104324,Tegnsproget kontaktperson - Glostrup,CFD,"Storkøbenhavn, Sydøstjylland, Øresundsregionen",,,https://studerendeonline.dk/job/3104324/cfd/tegnsproget-kontaktperson-glostrup/,2026-09-02,,asap,2026-09-15,2026-09-15
studerendeonline,3104325,Tegnsproget kontaktperson – Nærum,CFD,"Storkøbenhavn, Sydøstjylland",,,https://studerendeonline.dk/job/3104325/cfd/tegnsproget-kontaktperson-naerum/,2026-09-02,,asap,2026-09-15,2026-09-15
studerendeonline,3104412,Kan du fortælle en god historie med kameraet? Wihlborgs søger en studentermedhjælper!,Wihlborgs A/S,"Storkøbenhavn, Øresundsregionen",,,https://studerendeonline.dk/job/3104412/wihlborgs-as/kan-du-fortaelle-en-god-historie-med-kameraet-wihlborgs-soger-en-studentermedhjaelper/,2026-08-26,2026-09-30,date,2026-09-15,2026-09-15
studerendeonline,3104424,Studentermedhjælper til Office management & support opgaver | Academic Work,Academic Work Denmark A/S,"Storkøbenhavn, Øresundsregionen",,,https://studerendeonline.dk/job/3104424/academic-work-denmark-as/studentermedhjaelper-til-office-management-support-opgaver-academic-work/,2026-08-25,,asap,2026-09-15,2026-09-15
studerendeonline,3104559,Studentermedhjælper med interesse for rekruttering,MatchMaker A/S,"Storkøbenhavn, Sydøstjylland",,,https://studerendeonline.dk/job/3104559/matchmaker-as/studentermedhjaelper-med-interesse-for-rekruttering/,2026-08-25,,asap,2026-09-15,2026-09-15
studerendeonline,3104832,MEDICINSTUDERENDE SØGES SOM FIGURANTER TIL SIMULATIONSTRÆNING PÅ AMAGER OG HVIDOVRE HOSPITAL,Region Hovedstaden,"Storkøbenhavn, Vestjylland, Øresundsregionen",,,https://studerendeonline.dk/job/3104832/region-hovedstaden/medicinstuderende-soges-som-figuranter-til-simulationstraening-pa-amager-og-hvidovre-hospital/,2026-08-26,2026-09-20,date,2026-09-15,2026-09-15
studerendeonline,3104889,"Student Assistant - Mechanical Engineering, GN Hearing",GN Store Nord A/S,Storkøbenhavn,,,https://studerendeonline.dk/job/3104889/gn-store-nord-as/student-assistant-mechanical-engineering-gn-hearing/,2026-08-25,,,2026-09-15,2026-09-15
studerendeonline,3104964,Freelancer: Maskindokumentation og risikovurdering,MOMENT A/S,Storkøbenhavn,,,https://studerendeonline.dk/job/3104964/moment-as/freelancer-maskindokumentation-og-risikovurdering/,2026-08-25,,asap,2026-09-15,2026-09-15
studerendeonline,3104978,Studentermedhjælper til Internationalt kontor i Forsvarsministeriets Materiel- og Indkøbsstyrelsen,Forsvaret,Storkøbenhavn,,,https://studerendeonline.dk/job/3104978/forsvaret/studentermedhjaelper-til-internationalt-kontor-i-forsvarsministeriets-materiel-og-indkobsstyrelsen/,2026-08-26,2026-09-24,date,2026-09-15,2026-09-15
studerendeonline,3105149,Studentermedhjælper til Marketing,GreenMind A/S,Storkøbenhavn,,,https://studerendeonline.dk/job/3105149/greenmind-as/studentermedhjaelper-til-marketing/,2026-08-26,,asap,2026-09-15,2026-09-15
studerendeonline,3105227,Student til politik og kommunikation,"SUMH, ungdomsliv - med handicap","Storkøbenhavn, Øresundsregionen",,,https://studerendeonline.dk/job/3105227/sumh-ungdomsliv-med-handicap/student-til-politik-og-kommunikation/,2026-08-26,,asap,2026-09-15,2026-09-15
studerendeonline,3105239,"Analyst (Student Assistant), Flagship Portfolio Management Team",Copenhagen Infrastructure Partners,"Storkøbenhavn, Udlandet (øvrige)",,,https://studerendeonline.dk/job/3105239/copenhagen-infrastructure-partners/analyst-student-assistant-flagship-portfolio-management-team/,2026-08-26,,asap,2026-09-15,2026-09-15
studerendeonline,3105245,Studentermedhjælper til Faglig Afdeling | Grant Thornton,Grant Thornton,Storkøbenhavn,,,https://studerendeonline.dk/job/3105245/grant-thornton/studentermedhjaelper-til-faglig-afdeling-grant-thornton/,2026-08-26,,asap,2026-09-15,2026-09-15
studerendeonline,3105369,Movia søger studentermedhjælper til udvikling af den kollektive trafik,Trafikselskabet Movia,"Storkøbenhavn, Øresundsregionen",,,https://studerendeonline.dk/job/3105369/trafikselskabet-movia/movia-soger-studentermedhjaelper-til-udvikling-af-den-kollektive-trafik/,2026-08-26,,,2026-09-15,2026-09-15
studerendeonline,3105398,Tire Fitters wanted in Greater Copenhagen,HumanizeR Vikar/Rekruttering,Storkøbenhavn,,,https://studerendeonline.dk/job/3105398/humanizer-vikarrekruttering/tire-fitters-wanted-in-greater-copenhagen/,2026-08-26,,asap,2026-09-15,2026-09-15
studerendeonline,3105478,Jr. Operations Specialist (Part-time) Operations · Copenhagen HQ · Onsite,Mover Systems ApS,Storkøbenhavn,,,https://studerendeonline.dk/job/3105478/mover-systems-aps/jr-operations-specialist-part-time-operations-copenhagen-hq-onsite/,2026-08-26,,asap,2026-09-15,2026-09-15
studerendeonline,3105513,Studentermedhjælper til pension og udviklingsprojekter,LÆGERNES PENSION - pensionskassen for læger,Storkøbenhavn,,,https://studerendeonline.dk/job/3105513/laegernes-pension-pensionskassen-for-laeger/studentermedhjaelper-til-pension-og-udviklingsprojekter/,2026-08-26,,asap,2026-09-15,2026-09-15
studerendeonline,3105585,Studentermedhjælper til forsknings- og udviklingsmiljøet på Institut for Terapeut- og Jordemoderuddannelsen,Københavns Professionshøjskole,Storkøbenhavn,,,https://studerendeonline.dk/job/3105585/kobenhavns-professionshojskole/studentermedhjaelper-til-forsknings-og-udviklingsmiljoet-pa-institut-for-terapeut-og-jordemoderuddannelsen/,2026-08-26,,,2026-09-15,2026-09-15
studerendeonline,3105725,"Commercial Student Assistant, France",Trustpilot A/S,"Storkøbenhavn, Udlandet (øvrige)",,,https://studerendeonline.dk/job/3105725/trustpilot-as/commercial-student-assistant-france/,2026-08-26,,asap,2026-09-15,2026-09-15
studerendeonline,3105726,"Commercial Student Assistant, Nordics",Trustpilot A/S,"Storkøbenhavn, Udlandet (øvrige)",,,https://studerendeonline.dk/job/3105726/trustpilot-as/commercial-student-assistant-nordics/,2026-08-27,,asap,2026-09-15,2026-09-15
studerendeonline,3105890,Studentermedhjælpere (stud.jur./erhvervsjura) til juridisk projekt om overarbejdsbetaling,HK Handel,"Storkøbenhavn, Øresundsregionen",,,https://studerendeonline.dk/job/3105890/hk-handel/studentermedhjaelpere-studjurerhvervsjura-til-juridisk-projekt-om-overarbejdsbetaling/,2026-08-27,,asap,2026-09-15,2026-09-15
studerendeonline,3105907,Opslag hos Tandlægen.dk,Tandlægen.dk,"Storkøbenhavn, Øresundsregionen",,,https://studerendeonline.dk/job/3105907/tandlaegendk/opslag-hos-tandlaegendk/,2026-08-27,2026-09-30,date,2026-09-15,2026-09-15
studerendeonline,3106071,"Skolehistorie på DPU, Aarhus Universitet i København, søger studentermedhjælper til digital informationshåndtering og kulturformidling",Aarhus Universitet (AU),Storkøbenhavn,,,https://studerendeonline.dk/job/3106071/aarhus-universitet-au/skolehistorie-pa-dpu-aarhus-universitet-i-kobenhavn-soger-studentermedhjaelper-til-digital-informationshandtering-og-kulturformidling/,2026-09-15,2026-09-30,date,2026-09-15,2026-09-15
studerendeonline,3106122,Studentermedhjælper – Legal & Contract Management Consulting,RAMBØLL GRUPPEN A/S,Storkøbenhavn,,,https://studerendeonline.dk/job/3106122/ramboll-gruppen-as/studentermedhjaelper-legal-contract-management-consulting/,2026-08-27,,,2026-09-15,2026-09-15
studerendeonline,3106123,Studentermedhjælper – Legal & Contract Management Consulting,RAMBØLL GRUPPEN A/S,Storkøbenhavn,,,https://studerendeonline.dk/job/3106123/ramboll-gruppen-as/studentermedhjaelper-legal-contract-management-consulting/,2026-08-27,,,2026-09-15,2026-09-15
studerendeonline,3106131,Juridisk studentermedhjælper med interesse for IT-udbud og kontrakter,Banedanmark,Storkøbenhavn,,,https://studerendeonline.dk/job/3106131/banedanmark/juridisk-studentermedhjaelper-med-interesse-for-it-udbud-og-kontrakter/,2026-08-27,,,2026-09-15,2026-09-15
studerendeonline,3106231,Egmont Corporate Legal søger studentermedhjælper,EGMONT,"Storkøbenhavn, Øresundsregionen",,,https://studerendeonline.dk/job/3106231/egmont/egmont-corporate-legal-soger-studentermedhjaelper/,2026-08-27,,,2026-09-15,2026-09-15
studerendeonline,3106298,Opslag hos HK Danmark,HK Danmark,Storkøbenhavn,,,https://studerendeonline.dk/job/3106298/hk-danmark/opslag-hos-hk-danmark/,2026-09-14,,asap,2026-09-15,2026-09-15
studerendeonline,3106320,Dr.dk søger studentermedhjælpere til klipning af reels for tværgående indhold,DR - Danmarks Radio,"Storkøbenhavn, Øresundsregionen",,,https://studerendeonline.dk/job/3106320/dr-danmarks-radio/drdk-soger-studentermedhjaelpere-til-klipning-af-reels-for-tvaergaende-indhold/,2026-08-27,2026-09-20,date,2026-09-15,2026-09-15
studerendeonline,3106323,Skarp studentermedhjælper til datavask og tværfagligt samarbejde,Hvidovre Kommune,"Storkøbenhavn, Øresundsregionen",,,https://studerendeonline.dk/job/3106323/hvidovre-kommune/skarp-studentermedhjaelper-til-datavask-og-tvaerfagligt-samarbejde/,2026-08-27,2026-09-30,date,2026-09-15,2026-09-15
studerendeonline,3106340,"Studentermedhjælper med interesse for data, systemforståelse og forretningsprocesser",DANSK ERHVERV,Storkøbenhavn,,,https://studerendeonline.dk/job/3106340/dansk-erhverv/studentermedhjaelper-med-interesse-for-data-systemforstaelse-og-forretningsprocesser/,2026-08-27,2026-09-24,date,2026-09-15,2026-09-15
studerendeonline,3106399,Souschef til Kundecenteret i EDC Poul Erik Bech,EDC-gruppen A/S,Storkøbenhavn,,,https://studerendeonline.dk/job/3106399/edc-gruppen-as/souschef-til-kundecenteret-i-edc-poul-erik-bech/,2026-08-27,,asap,2026-09-15,2026-09-15
studerendeonline,3106462,"Studentermedhjælper, FP&A",Tryg Forsikring A/S,Storkøbenhavn,,,https://studerendeonline.dk/job/3106462/tryg-forsikring-as/studentermedhjaelper-fpa/,2026-09-04,,asap,2026-09-15,2026-09-15
studerendeonline,3106518,Studentermedhjælper til kommunikation på Det Kongelige Akademi,Det Kongelige Akademi - Arkitektur,"Design, Konservering, Storkøbenhavn",,,https://studerendeonline.dk/job/3106518/det-kongelige-akademi-arkitektur-design-konservering/studentermedhjaelper-til-kommunikation-pa-det-kongelige-akademi/,2026-08-27,,,2026-09-15,2026-09-15
studerendeonline,3106561,Faste weekendvikarer til Grøndalsvænge,Københavns Kommune,Storkøbenhavn,,,https://studerendeonline.dk/job/3106561/kobenhavns-kommune/faste-weekendvikarer-til-grondalsvaenge/,2026-08-27,,,2026-09-15,2026-09-15
studerendeonline,3106731,"Student Assistant, ESG - Climate & Data",ASCENDIS PHARMA A/S,"Storkøbenhavn, Øresundsregionen, Udlandet (øvrige)",,,https://studerendeonline.dk/job/3106731/ascendis-pharma-as/student-assistant-esg-climate-data/,2026-08-28,,asap,2026-09-15,2026-09-15
studerendeonline,3106732,"Student Assistant, ESG - Reporting",ASCENDIS PHARMA A/S,"Storkøbenhavn, Øresundsregionen, Udlandet (øvrige)",,,https://studerendeonline.dk/job/3106732/ascendis-pharma-as/student-assistant-esg-reporting/,2026-08-28,,asap,2026-09-15,2026-09-15
studerendeonline,3106821,Studentermedhjælper til billingteamet i Hellerup,DAHL Advokatpartnerselskab,"Storkøbenhavn, Øresundsregionen",,,https://studerendeonline.dk/job/3106821/dahl-advokatpartnerselskab/studentermedhjaelper-til-billingteamet-i-hellerup/,2026-08-28,2026-09-27,date,2026-09-15,2026-09-15
studerendeonline,3106998,Studentermedhjælper til content marketing om it-drift,Netic A/S,Storkøbenhavn,,,https://studerendeonline.dk/job/3106998/netic-as/studentermedhjaelper-til-content-marketing-om-it-drift/,2026-08-28,2026-09-24,date,2026-09-15,2026-09-15
studerendeonline,3107095,Studentermedhjælper til studiestøttende indsats,Københavns VUC,Storkøbenhavn,,,https://studerendeonline.dk/job/3107095/kobenhavns-vuc/studentermedhjaelper-til-studiestottende-indsats/,2026-09-11,2026-09-24,date,2026-09-15,2026-09-15
studerendeonline,3107238,To Student Assistants til Social Media & Content Creation (barselsvikariater),Rosendahl Design Group A/S,"Storkøbenhavn, Nordsjælland, Øresundsregionen ( Delvist fjernarbejde )",,,https://studerendeonline.dk/job/3107238/rosendahl-design-group-as/to-student-assistants-til-social-media-content-creation-barselsvikariater/,2026-08-28,,asap,2026-09-15,2026-09-15
studerendeonline,3107251,Studentermedhjælper til IT ServiceDesk,Alm. Brand Group,"Storkøbenhavn, Øresundsregionen",,,https://studerendeonline.dk/job/3107251/alm-brand-group/studentermedhjaelper-til-it-servicedesk/,2026-08-28,,asap,2026-09-15,2026-09-15
studerendeonline,3107355,Bliv studentermedhjælper i Kundeservice i Nykredit Direkte Taastrup - og gør en forskel for vores kunder,Nykredit,"Storkøbenhavn, Øresundsregionen",,,https://studerendeonline.dk/job/3107355/nykredit/bliv-studentermedhjaelper-i-kundeservice-i-nykredit-direkte-taastrup-og-gor-en-forskel-for-vores-kunder/,2026-08-28,,asap,2026-09-15,2026-09-15
studerendeonline,3107396,Studentermedhjælpere til Udbud og Kontrakter i Styrelsen for Danmarks Fængsler,Danmarks Fængsler,Storkøbenhavn ( Delvist fjernarbejde ),,,https://studerendeonline.dk/job/3107396/danmarks-faengsler/studentermedhjaelpere-til-udbud-og-kontrakter-i-styrelsen-for-danmarks-faengsler/,2026-08-28,,,2026-09-15,2026-09-15
studerendeonline,3107397,"Studentermedhjælper til Data, AI og Automatisering",Boligforeningen AAB,Storkøbenhavn,,,https://studerendeonline.dk/job/3107397/boligforeningen-aab/studentermedhjaelper-til-data-ai-og-automatisering/,2026-08-28,,asap,2026-09-15,2026-09-15
studerendeonline,3107577,Student Assistant in People Analytics,Danske Bank,Storkøbenhavn,,,https://studerendeonline.dk/job/3107577/danske-bank/student-assistant-in-people-analytics/,2026-08-31,,asap,2026-09-15,2026-09-15
studerendeonline,3108043,Studentermedhjælper til NQCP,Københavns Universitet,Storkøbenhavn,,,https://studerendeonline.dk/job/3108043/kobenhavns-universitet/studentermedhjaelper-til-nqcp/,2026-08-31,,,2026-09-15,2026-09-15
studerendeonline,3108100,Finansbachelor eller finansøkonom til Jyske Hverdag - din vej til praktik- og traineeforløb,Jyske Bank,Storkøbenhavn,,,https://studerendeonline.dk/job/3108100/jyske-bank/finansbachelor-eller-finansokonom-til-jyske-hverdag-din-vej-til-praktik-og-traineeforlob/,2026-08-31,2026-09-30,date,2026-09-15,2026-09-15
studerendeonline,3108238,"Tech-studerende sgs: Automatisering, AI og crawling",Digital Disruption Media A/S,"Storkøbenhavn, Øresundsregionen",,,https://studerendeonline.dk/job/3108238/digital-disruption-media-as/tech-studerende-sgs-automatisering-ai-og-crawling/,2026-08-31,,asap,2026-09-15,2026-09-15
studerendeonline,3108298,Studiejob: Analytisk Marketingassistent,Cand,Storkøbenhavn,,,https://studerendeonline.dk/job/3108298/cand/studiejob-analytisk-marketingassistent/,2026-09-01,,asap,2026-09-15,2026-09-15
studerendeonline,3108299,Studiejob: Markedsanalyse & Forretningsudvikling,Cand,Storkøbenhavn,,,https://studerendeonline.dk/job/3108299/cand/studiejob-markedsanalyse-forretningsudvikling/,2026-08-31,,asap,2026-09-15,2026-09-15
studerendeonline,3108314,Customer Success Manager (Maternity Leave Cover),Bloom,Storkøbenhavn,,,https://studerendeonline.dk/job/3108314/bloom/customer-success-manager-maternity-leave-cover/,2026-08-31,,asap,2026-09-15,2026-09-15
studerendeonline,3108326,Engageret og serviceorienteret It-supporter (på deltid) - IT Service,Danmarks Tekniske Universitet,"Storkøbenhavn, Øresundsregionen",,,https://studerendeonline.dk/job/3108326/danmarks-tekniske-universitet/engageret-og-serviceorienteret-it-supporter-pa-deltid-it-service/,2026-08-31,2026-10-01,date,2026-09-15,2026-09-15
studerendeonline,3108359,Student Assistant - ORCA Labs,WS Audiology Denmark A/S,"Storkøbenhavn, Nordsjælland",,,https://studerendeonline.dk/job/3108359/ws-audiology-denmark-as/student-assistant-orca-labs/,2026-09-10,,asap,2026-09-15,2026-09-15
studerendeonline,3108384,Bliv studentermedhjælper i Virksomhedsanalyse,Nykredit,Storkøbenhavn,,,https://studerendeonline.dk/job/3108384/nykredit/bliv-studentermedhjaelper-i-virksomhedsanalyse/,2026-08-31,,asap,2026-09-15,2026-09-15
studerendeonline,3108398,Studentermedhjælper til UI/UX-design og digitale kundeoplevelser,Gjensidige,Storkøbenhavn,,,https://studerendeonline.dk/job/3108398/gjensidige/studentermedhjaelper-til-uiux-design-og-digitale-kundeoplevelser/,2026-08-31,2026-09-24,date,2026-09-15,2026-09-15
studerendeonline,3108403,Studentermedhjælper med interesse for digital regulering,Digitaliseringsstyrelsen,Storkøbenhavn,,,https://studerendeonline.dk/job/3108403/digitaliseringsstyrelsen/studentermedhjaelper-med-interesse-for-digital-regulering/,2026-08-31,,,2026-09-15,2026-09-15
studerendeonline,3108555,Medlemskonsulent - Studiejob,CA a-kasse,Storkøbenhavn,,,https://studerendeonline.dk/job/3108555/ca-a-kasse/medlemskonsulent-studiejob/,2026-08-31,,asap,2026-09-15,2026-09-15
studerendeonline,3108598,Lægerne Under Elmene på Amagerbro søger 1-3 stud.med. (1.9.26 til 1.1.27),Studerendes Almen Medicinske Selskab (SAMS),Storkøbenhavn,,,https://studerendeonline.dk/job/3108598/studerendes-almen-medicinske-selskab-sams/laegerne-under-elmene-pa-amagerbro-soger-1-3-studmed-1926-til-1127/,2026-08-31,,asap,2026-09-15,2026-09-15
studerendeonline,3108656,Studentermedhjælper til Forsvarsministeriets Auditørkorps (Den militære anklagemyndighed) i Viborg,Forsvaret,Storkøbenhavn,,,https://studerendeonline.dk/job/3108656/forsvaret/studentermedhjaelper-til-forsvarsministeriets-auditorkorps-den-militaere-anklagemyndighed-i-viborg/,2026-08-31,,,2026-09-15,2026-09-15
studerendeonline,3108665,Student Software Engineer,SimCorp A/S,Storkøbenhavn,,,https://studerendeonline.dk/job/3108665/simcorp-as/student-software-engineer/,2026-08-31,,asap,2026-09-15,2026-09-15
studerendeonline,3108772,Statens Naturhistoriske Museum søger formidlingsværter,Københavns Universitet,"Storkøbenhavn, Øresundsregionen",,,https://studerendeonline.dk/job/3108772/kobenhavns-universitet/statens-naturhistoriske-museum-soger-formidlingsvaerter/,2026-09-01,2026-11-01,date,2026-09-15,2026-09-15
studerendeonline,3108831,Gamemaster hos Escape Copenhagen,Escape CPH – Escape Rooms,"Storkøbenhavn, Øresundsregionen",,,https://studerendeonline.dk/job/3108831/escape-cph-escape-rooms/gamemaster-hos-escape-copenhagen/,2026-09-15,2026-09-21,date,2026-09-15,2026-09-15
studerendeonline,3108834,Studentermedhjælper til udvikling og kvalitetssikring af voicebot i Københavns Borgerservice,Københavns Kommune,"Storkøbenhavn, Øresundsregionen",,,https://studerendeonline.dk/job/3108834/kobenhavns-kommune/studentermedhjaelper-til-udvikling-og-kvalitetssikring-af-voicebot-i-kobenhavns-borgerservice/,2026-09-01,,,2026-09-15,2026-09-15
studerendeonline,3108876,Studenterstilling i BUPL – Få erfaring med analyse og politisk interessevaretagelse,BUPL,"Storkøbenhavn, Øresundsregionen",,,https://studerendeonline.dk/job/3108876/bupl/studenterstilling-i-bupl-fa-erfaring-med-analyse-og-politisk-interessevaretagelse/,2026-09-01,2026-09-21,date,2026-09-15,2026-09-15
studerendeonline,3109102,Tre studentermedarbejdere til kommunikationsafdeling på Københavns Universitet,Københavns Universitet,"Storkøbenhavn, Øresundsregionen",,,https://studerendeonline.dk/job/3109102/kobenhavns-universitet/tre-studentermedarbejdere-til-kommunikationsafdeling-pa-kobenhavns-universitet/,2026-09-01,2026-09-20,date,2026-09-15,2026-09-15
studerendeonline,3109103,"Novo Nordisk Foundation Center for Stem Cell Medicine, reNEW is seeking an administrative student assistant",Københavns Universitet,"Storkøbenhavn, Øresundsregionen",,,https://studerendeonline.dk/job/3109103/kobenhavns-universitet/novo-nordisk-foundation-center-for-stem-cell-medicine-renew-is-seeking-an-administrative-student-assistant/,2026-09-01,,,2026-09-15,2026-09-15
studerendeonline,3109104,Studerende til Institut for Statskundskab,Københavns Universitet,Storkøbenhavn,,,https://studerendeonline.dk/job/3109104/kobenhavns-universitet/studerende-til-institut-for-statskundskab/,2026-09-01,,,2026-09-15,2026-09-15
studerendeonline,3109105,"Studentermedhjælper i Forskningsfinansiering Nørre, Campus Administration Nørre",Københavns Universitet,Storkøbenhavn,,,https://studerendeonline.dk/job/3109105/kobenhavns-universitet/studentermedhjaelper-i-forskningsfinansiering-norre-campus-administration-norre/,2026-09-01,2026-09-20,date,2026-09-15,2026-09-15
studerendeonline,3109154,Student Assistant - R&D,Radiometer Danmark / Danaher,"Storkøbenhavn, Øresundsregionen",,,https://studerendeonline.dk/job/3109154/radiometer-danmark-danaher/student-assistant-rd/,2026-09-01,,asap,2026-09-15,2026-09-15
studerendeonline,3109155,Student Assistant - R&D,Radiometer Danmark / Danaher,"Storkøbenhavn, Øresundsregionen",,,https://studerendeonline.dk/job/3109155/radiometer-danmark-danaher/student-assistant-rd/,2026-09-01,,asap,2026-09-15,2026-09-15
studerendeonline,3109232,Studentermedhjælpere til Centralt Sagscenter og anklagemyndigheden i Københavns Vestegns Politi,Rigspolitiet,"Storkøbenhavn, Øresundsregionen",,,https://studerendeonline.dk/job/3109232/rigspolitiet/studentermedhjaelpere-til-centralt-sagscenter-og-anklagemyndigheden-i-kobenhavns-vestegns-politi/,2026-09-15,,,2026-09-15,2026-09-15
studerendeonline,3109344,Student Assistant supporting AI Adoption at Novo Nordisk Engineering (Denmark - Virum),NNE A/S,Storkøbenhavn,,,https://studerendeonline.dk/job/3109344/nne-as/student-assistant-supporting-ai-adoption-at-novo-nordisk-engineering-denmark-virum/,2026-09-01,,,2026-09-15,2026-09-15
studerendeonline,3109357,Studentermedhjælper til Institut for Socialrådgiveruddannelse,Københavns Professionshøjskole,Storkøbenhavn,,,https://studerendeonline.dk/job/3109357/kobenhavns-professionshojskole/studentermedhjaelper-til-institut-for-socialradgiveruddannelse/,2026-09-01,2026-09-20,date,2026-09-15,2026-09-15
studerendeonline,3109432,Student Assistant for International Partnerships,Danmarks Tekniske Universitet,"Storkøbenhavn, Øresundsregionen",,,https://studerendeonline.dk/job/3109432/danmarks-tekniske-universitet/student-assistant-for-international-partnerships/,2026-09-01,2026-09-20,date,2026-09-15,2026-09-15
studerendeonline,3109436,Studentermedhjælper til bæredygtighed i byggeriet og energiledelse - DTU Campus Service,Danmarks Tekniske Universitet,"Storkøbenhavn, Øresundsregionen",,,https://studerendeonline.dk/job/3109436/danmarks-tekniske-universitet/studentermedhjaelper-til-baeredygtighed-i-byggeriet-og-energiledelse-dtu-campus-service/,2026-09-01,,,2026-09-15,2026-09-15
studerendeonline,3109459,Student til det økonomiske analyseteam i Landbrug & Fødevarer,Landbrug & Fødevarer F.m.b.A.,Storkøbenhavn,,,https://studerendeonline.dk/job/3109459/landbrug-fodevarer-fmba/student-til-det-okonomiske-analyseteam-i-landbrug-fodevarer/,2026-09-01,2026-09-20,date,2026-09-15,2026-09-15
studerendeonline,3109460,Studentermedhjælpere med fokus på data og statistik,Landbrug & Fødevarer F.m.b.A.,Storkøbenhavn,,,https://studerendeonline.dk/job/3109460/landbrug-fodevarer-fmba/studentermedhjaelpere-med-fokus-pa-data-og-statistik/,2026-09-01,,asap,2026-09-15,2026-09-15
studerendeonline,3109562,"Student Assistant, IT & Digitalization",Demant A/S,"Storkøbenhavn, Øresundsregionen",,,https://studerendeonline.dk/job/3109562/demant-as/student-assistant-it-digitalization/,2026-09-01,2026-10-01,date,2026-09-15,2026-09-15
studerendeonline,3109574,Studentermedhjælper til DS&DP hos AJ Vaccines,AJ Vaccines,"Storkøbenhavn, Øresundsregionen",,,https://studerendeonline.dk/job/3109574/aj-vaccines/studentermedhjaelper-til-dsdp-hos-aj-vaccines/,2026-09-03,,asap,2026-09-15,2026-09-15
studerendeonline,3109581,Bliv revisorgraduate hos PwC Hellerup og kom helt tæt på kunderne fra dag 1,PwC - Revision | Skat | Rådgivning,"Storkøbenhavn, Øresundsregionen",,,https://studerendeonline.dk/job/3109581/pwc-revision-skat-radgivning/bliv-revisorgraduate-hos-pwc-hellerup-og-kom-helt-taet-pa-kunderne-fra-dag-1/,2026-09-01,,asap,2026-09-15,2026-09-15
studerendeonline,3109707,"Studentermedhjælper til teamet Circular Copenhagen i enheden Genanvendelse og Affaldsjura i Klima-, Miljø- og Teknikforvaltningen",Københavns Kommune,"Storkøbenhavn, Øresundsregionen",,,https://studerendeonline.dk/job/3109707/kobenhavns-kommune/studentermedhjaelper-til-teamet-circular-copenhagen-i-enheden-genanvendelse-og-affaldsjura-i-klima-miljo-og-teknikforvaltningen/,2026-09-01,2026-09-20,date,2026-09-15,2026-09-15
studerendeonline,3109708,Studentermedhjælper til udvikling og kvalitetssikring af voicebot i Københavns Borgerservice,Københavns Kommune,"Storkøbenhavn, Øresundsregionen",,,https://studerendeonline.dk/job/3109708/kobenhavns-kommune/studentermedhjaelper-til-udvikling-og-kvalitetssikring-af-voicebot-i-kobenhavns-borgerservice/,2026-09-01,,,2026-09-15,2026-09-15
studerendeonline,3109874,QA Studentermedhjælper,Adapt A/S,Storkøbenhavn,,,https://studerendeonline.dk/job/3109874/adapt-as/qa-studentermedhjaelper/,2026-09-02,,asap,2026-09-15,2026-09-15
studerendeonline,3110076,Student Assistant - Issuance & Corporate Actions Operations,VP SECURITIES A/S,Storkøbenhavn,,,https://studerendeonline.dk/job/3110076/vp-securities-as/student-assistant-issuance-corporate-actions-operations/,2026-09-02,,asap,2026-09-15,2026-09-15
studerendeonline,3110082,Digital studentermedhjælper til Danmarks Naturfredningsforening,Danmarks Naturfredningsforening,"Storkøbenhavn, Øresundsregionen",,,https://studerendeonline.dk/job/3110082/danmarks-naturfredningsforening/digital-studentermedhjaelper-til-danmarks-naturfredningsforening/,2026-09-02,2026-09-20,date,2026-09-15,2026-09-15
studerendeonline,3110167,Student Worker – R&D Laboratory,Agilent Technologies,"Storkøbenhavn, Øresundsregionen",,,https://studerendeonline.dk/job/3110167/agilent-technologies/student-worker-rd-laboratory/,2026-09-02,,asap,2026-09-15,2026-09-15
studerendeonline,3110236,Kontaktperson – Langeland,CFD,Storkøbenhavn,,,https://studerendeonline.dk/job/3110236/cfd/kontaktperson-langeland/,2026-09-02,2026-09-30,date,2026-09-15,2026-09-15
studerendeonline,3110330,Studentermedhjælper til Rigsarkivets jurateam,Rigsarkivet - Statens Arkiver,"Storkøbenhavn, Øresundsregionen ( Delvist fjernarbejde )",,,https://studerendeonline.dk/job/3110330/rigsarkivet-statens-arkiver/studentermedhjaelper-til-rigsarkivets-jurateam/,2026-09-07,,,2026-09-15,2026-09-15
studerendeonline,3110492,Studentermedhjælper til Cyber- og Informationssikkerhed i DR,DR - Danmarks Radio,"Storkøbenhavn, Øresundsregionen",,,https://studerendeonline.dk/job/3110492/dr-danmarks-radio/studentermedhjaelper-til-cyber-og-informationssikkerhed-i-dr/,2026-09-02,,,2026-09-15,2026-09-15
studerendeonline,3110562,Ansvarlig for erhvervssupport (studentermedhjælper) - genopslag,CLEVER A/S,Storkøbenhavn,,,https://studerendeonline.dk/job/3110562/clever-as/ansvarlig-for-erhvervssupport-studentermedhjaelper-genopslag/,2026-09-02,2026-10-04,date,2026-09-15,2026-09-15
studerendeonline,3110566,Jurastuderende til Forbrugerrådet Tænks juridiske rådgivning,Forbrugerrådet Tænk,Storkøbenhavn,,,https://studerendeonline.dk/job/3110566/forbrugerradet-taenk/jurastuderende-til-forbrugerradet-taenks-juridiske-radgivning/,2026-09-02,2026-09-30,date,2026-09-15,2026-09-15
studerendeonline,3110664,Studentermedhjælper med flair for kommunikation og digital formidling,Tryg Forsikring A/S,Storkøbenhavn,,,https://studerendeonline.dk/job/3110664/tryg-forsikring-as/studentermedhjaelper-med-flair-for-kommunikation-og-digital-formidling/,2026-09-02,2026-09-23,date,2026-09-15,2026-09-15
studerendeonline,3110687,"Studentermedhjælp søges til økonomi- og registreringsopgaver i Forskningsstøtteområdet, Institut for Kultur og Kommunikation, Aalborg Universitet",Aalborg Universitet (AAU),"Storkøbenhavn, Sydvestjylland (Esbjerg), Nordjylland",,,https://studerendeonline.dk/job/3110687/aalborg-universitet-aau/studentermedhjaelp-soges-til-okonomi-og-registreringsopgaver-i-forskningsstotteomradet-institut-for-kultur-og-kommunikation-aalborg-universitet/,2026-09-02,,,2026-09-15,2026-09-15
studerendeonline,3110691,"Student Assistant, Insights",GN Store Nord A/S,Storkøbenhavn ( Delvist fjernarbejde ),,,https://studerendeonline.dk/job/3110691/gn-store-nord-as/student-assistant-insights/,2026-09-02,,asap,2026-09-15,2026-09-15
studerendeonline,3110703,Audits and Investigation-Student Assistant (Early Careers),Maersk Group - A.P. Møller Mærsk,Storkøbenhavn,,,https://studerendeonline.dk/job/3110703/maersk-group-ap-moller-maersk/audits-and-investigation-student-assistant-early-careers/,2026-09-02,,asap,2026-09-15,2026-09-15
studerendeonline,3110759,"Studentermedhjælper søges til Det Kongelige Akademi - Arkitektur, Design, Konservering",Det Kongelige Akademi - Arkitektur,"Design, Konservering, Storkøbenhavn",,,https://studerendeonline.dk/job/3110759/det-kongelige-akademi-arkitektur-design-konservering/studentermedhjaelper-soges-til-det-kongelige-akademi-arkitektur-design-konservering/,2026-09-02,2026-09-21,date,2026-09-15,2026-09-15
studerendeonline,3110831,"Studentermedhjælper til Børne- og Ungdomsforvaltningen, Område Amager",Københavns Kommune,"Storkøbenhavn, Øresundsregionen",,,https://studerendeonline.dk/job/3110831/kobenhavns-kommune/studentermedhjaelper-til-borne-og-ungdomsforvaltningen-omrade-amager/,2026-09-02,,,2026-09-15,2026-09-15
studerendeonline,3110927,Phonere,HK Handel,"Storkøbenhavn, Øresundsregionen",,,https://studerendeonline.dk/job/3110927/hk-handel/phonere/,2026-09-03,2026-10-01,date,2026-09-15,2026-09-15
studerendeonline,3110928,Digital studentermedhjælper til Danmarks Naturfredningsforening,Danmarks Naturfredningsforening,"Storkøbenhavn, Øresundsregionen",,,https://studerendeonline.dk/job/3110928/danmarks-naturfredningsforening/digital-studentermedhjaelper-til-danmarks-naturfredningsforening/,2026-09-03,2026-09-20,date,2026-09-15,2026-09-15
studerendeonline,3111023,Studentermedhjælpere til Center for Folkeskole hos Styrelsen for Undervisning og Kvalitet,Styrelsen for Undervisning og Kvalitet,Storkøbenhavn,,,https://studerendeonline.dk/job/3111023/styrelsen-for-undervisning-og-kvalitet/studentermedhjaelpere-til-center-for-folkeskole-hos-styrelsen-for-undervisning-og-kvalitet/,2026-09-09,,,2026-09-15,2026-09-15
studerendeonline,3111030,To studentermedhjælpere til biologisk overvågning af vandmiljøet i Østjylland,Styrelsen for Grøn Arealomlægning og Vandmiljø,"Storkøbenhavn, Østjylland (Aarhus)",,,https://studerendeonline.dk/job/3111030/styrelsen-for-gron-arealomlaegning-og-vandmiljo/to-studentermedhjaelpere-til-biologisk-overvagning-af-vandmiljoet-i-ostjylland/,2026-09-03,2026-09-30,date,2026-09-15,2026-09-15
studerendeonline,3111061,Student worker for Direct Procurement,Everllence,Storkøbenhavn,,,https://studerendeonline.dk/job/3111061/everllence/student-worker-for-direct-procurement/,2026-09-03,2026-10-15,date,2026-09-15,2026-09-15
studerendeonline,3111062,"Student Worker with Strong Interest in Business Analytics, Strategy & Process Improvement",Everllence,Storkøbenhavn,,,https://studerendeonline.dk/job/3111062/everllence/student-worker-with-strong-interest-in-business-analytics-strategy-process-improvement/,2026-09-03,2026-11-01,date,2026-09-15,2026-09-15
studerendeonline,3111065,Talstærk student med interesse for analyse og økonomi på beskæftigelsesområdet,Beskæftigelses- og Ligestillingsministeriet,Storkøbenhavn,,,https://studerendeonline.dk/job/3111065/beskaeftigelses-og-ligestillingsministeriet/talstaerk-student-med-interesse-for-analyse-og-okonomi-pa-beskaeftigelsesomradet/,2026-09-03,,,2026-09-15,2026-09-15
studerendeonline,3111108,Student Worker - Trackman Agentic Workflow Lab,TRACKMAN A/S,"Storkøbenhavn, Nordsjælland, Udlandet (øvrige)",,,https://studerendeonline.dk/job/3111108/trackman-as/student-worker-trackman-agentic-workflow-lab/,2026-09-03,,asap,2026-09-15,2026-09-15
studerendeonline,3111151,Studentermedhjælper til Kommunikation og Information,Trafikselskabet Movia,"Storkøbenhavn, Øresundsregionen",,,https://studerendeonline.dk/job/3111151/trafikselskabet-movia/studentermedhjaelper-til-kommunikation-og-information/,2026-09-03,2026-09-24,date,2026-09-15,2026-09-15
studerendeonline,3111233,Studentermedhjælp til Institut for Fødevare- og Ressourceøkonomi,Københavns Universitet,Storkøbenhavn,,,https://studerendeonline.dk/job/3111233/kobenhavns-universitet/studentermedhjaelp-til-institut-for-fodevare-og-ressourceokonomi/,2026-09-03,,,2026-09-15,2026-09-15
studerendeonline,3111264,Studentermedhjælper: Trafik og Mobilitet,Brøndby Kommune,"Storkøbenhavn, Øresundsregionen",,,https://studerendeonline.dk/job/3111264/brondby-kommune/studentermedhjaelper-trafik-og-mobilitet/,2026-09-03,2026-10-05,date,2026-09-15,2026-09-15
studerendeonline,3111287,"Student Assistant, Global Sourcing",Radiometer Danmark / Danaher,"Storkøbenhavn, Øresundsregionen",,,https://studerendeonline.dk/job/3111287/radiometer-danmark-danaher/student-assistant-global-sourcing/,2026-09-03,,asap,2026-09-15,2026-09-15
studerendeonline,3111292,Studentermedhjælpere til Center for Folkeskole hos Styrelsen for Undervisning og Kvalitet,Undervisningsministeriet,Storkøbenhavn,,,https://studerendeonline.dk/job/3111292/undervisningsministeriet/studentermedhjaelpere-til-center-for-folkeskole-hos-styrelsen-for-undervisning-og-kvalitet/,2026-09-09,,,2026-09-15,2026-09-15
studerendeonline,3111490,Studentermedhjælpere til callcenter,Københavns Professionshøjskole,Storkøbenhavn,,,https://studerendeonline.dk/job/3111490/kobenhavns-professionshojskole/studentermedhjaelpere-til-callcenter/,2026-09-03,2026-09-20,date,2026-09-15,2026-09-15
studerendeonline,3111552,Administrativ koordinator til DTU’s Efter- og videreuddannelse - DTU Engineering Technology,Danmarks Tekniske Universitet,Storkøbenhavn,,,https://studerendeonline.dk/job/3111552/danmarks-tekniske-universitet/administrativ-koordinator-til-dtus-efter-og-videreuddannelse-dtu-engineering-technology/,2026-09-03,2026-09-20,date,2026-09-15,2026-09-15
studerendeonline,3111558,Studentermedhjælper til Sundhedsstyrelsens Enhed for Uddannelse,Sundhedsstyrelsen,Storkøbenhavn,,,https://studerendeonline.dk/job/3111558/sundhedsstyrelsen/studentermedhjaelper-til-sundhedsstyrelsens-enhed-for-uddannelse/,2026-09-03,2026-09-30,date,2026-09-15,2026-09-15
studerendeonline,3111597,Labtrainee til Media Lab på Erhvervsakademi København (studenterjob),Erhvervs­akademi Køben­havn (EK),Storkøbenhavn,,,https://studerendeonline.dk/job/3111597/erhvervs-akademi-koben-havn-ek/labtrainee-til-media-lab-pa-erhvervsakademi-kobenhavn-studenterjob/,2026-09-03,2026-09-30,date,2026-09-15,2026-09-15
studerendeonline,3111598,Studentermedhjælper til Nationalmuseet København,Nationalmuseet,"Storkøbenhavn, Øresundsregionen",,,https://studerendeonline.dk/job/3111598/nationalmuseet/studentermedhjaelper-til-nationalmuseet-kobenhavn/,2026-09-03,,,2026-09-15,2026-09-15
studerendeonline,3111721,Ekstern lektor søges til Arkitekturens Teknologi,Det Kongelige Akademi - Arkitektur,"Design, Konservering, Storkøbenhavn",,,https://studerendeonline.dk/job/3111721/det-kongelige-akademi-arkitektur-design-konservering/ekstern-lektor-soges-til-arkitekturens-teknologi/,2026-09-03,2026-09-20,date,2026-09-15,2026-09-15
studerendeonline,3111784,Studentermedhjælpere til Bydelsmødre - Socialtansvar.dk,Fonden for Socialt Ansvar,Storkøbenhavn,,,https://studerendeonline.dk/job/3111784/fonden-for-socialt-ansvar/studentermedhjaelpere-til-bydelsmodre-socialtansvardk/,2026-09-04,,asap,2026-09-15,2026-09-15
studerendeonline,3111833,Rigsrevisionen søger studenter til revision af offentlige regnskaber,Rigsrevisionen,Storkøbenhavn,,,https://studerendeonline.dk/job/3111833/rigsrevisionen/rigsrevisionen-soger-studenter-til-revision-af-offentlige-regnskaber/,2026-09-03,,,2026-09-15,2026-09-15
studerendeonline,3111880,"Det perfekte job til bygningskonstruktør - studiejob, hjemmearbejde",Radon-Stop.dk ApS,"Storkøbenhavn, Øresundsregionen ( Fjernarbejde )",,,https://studerendeonline.dk/job/3111880/radon-stopdk-aps/det-perfekte-job-til-bygningskonstruktor-studiejob-hjemmearbejde/,2026-09-04,2026-09-30,date,2026-09-15,2026-09-15
studerendeonline,3111887,Studentermedhjælper til kommunikation og faglig formidling,Guardian IP Consulting,"Storkøbenhavn, Øresundsregionen",,,https://studerendeonline.dk/job/3111887/guardian-ip-consulting/studentermedhjaelper-til-kommunikation-og-faglig-formidling/,2026-09-04,,asap,2026-09-15,2026-09-15
studerendeonline,3111907,Studerende med interesse for databeskyttelse og informationssikkerhed søges,Styrelsen for Patientsikkerhed,Storkøbenhavn,,,https://studerendeonline.dk/job/3111907/styrelsen-for-patientsikkerhed/studerende-med-interesse-for-databeskyttelse-og-informationssikkerhed-soges/,2026-09-04,2026-09-20,date,2026-09-15,2026-09-15
studerendeonline,3111912,Psykologistuderende med faglig udvikling og kvalitet i klientforløb | We.Care®,We.Care,Storkøbenhavn ( Delvist fjernarbejde ),,,https://studerendeonline.dk/job/3111912/wecare/psykologistuderende-med-faglig-udvikling-og-kvalitet-i-klientforlob-wecarer/,2026-09-04,,asap,2026-09-15,2026-09-15
studerendeonline,3111935,Studentermedhjælper til Beierholm Jura i Søborg,Beierholm,Storkøbenhavn,,,https://studerendeonline.dk/job/3111935/beierholm/studentermedhjaelper-til-beierholm-jura-i-soborg/,2026-09-04,,asap,2026-09-15,2026-09-15
studerendeonline,3111941,AI & Automation Developer - Studiejob,Carl Ras A/S,"Storkøbenhavn, Øresundsregionen",,,https://studerendeonline.dk/job/3111941/carl-ras-as/ai-automation-developer-studiejob/,2026-09-08,2026-09-27,date,2026-09-15,2026-09-15
studerendeonline,3111943,Job Title:,COLGATE-PALMOLIVE A/S,Storkøbenhavn,,,https://studerendeonline.dk/job/3111943/colgate-palmolive-as/job-title/,2026-09-04,,asap,2026-09-15,2026-09-15
studerendeonline,3111961,"Analyst (Student Assistant), IR&BD, Events",Copenhagen Infrastructure Partners,"Storkøbenhavn, Udlandet (øvrige)",,,https://studerendeonline.dk/job/3111961/copenhagen-infrastructure-partners/analyst-student-assistant-irbd-events/,2026-09-04,,asap,2026-09-15,2026-09-15
studerendeonline,3112022,Student Worker – Device Platform Team (Embedded Software),TRACKMAN A/S,"Storkøbenhavn, Nordsjælland, Udlandet (øvrige)",,,https://studerendeonline.dk/job/3112022/trackman-as/student-worker-device-platform-team-embedded-software/,2026-09-04,,asap,2026-09-15,2026-09-15
studerendeonline,3112174,Coffee Advisors til Nespresso i København,WaveCrest,Storkøbenhavn,,,https://studerendeonline.dk/job/3112174/wavecrest/coffee-advisors-til-nespresso-i-kobenhavn/,2026-09-14,,asap,2026-09-15,2026-09-15
studerendeonline,3112192,Studentermedhjælpere søges til ledige stillinger som e-assistenter i den centrale lokaleplanlægning på Københavns Universitet,Københavns Universitet,Storkøbenhavn,,,https://studerendeonline.dk/job/3112192/kobenhavns-universitet/studentermedhjaelpere-soges-til-ledige-stillinger-som-e-assistenter-i-den-centrale-lokaleplanlaegning-pa-kobenhavns-universitet/,2026-09-04,2026-10-01,date,2026-09-15,2026-09-15
studerendeonline,3112230,Jr. Content Creator (Part-time) Growth · Copenhagen HQ · Onsite,Mover Systems ApS,Storkøbenhavn,,,https://studerendeonline.dk/job/3112230/mover-systems-aps/jr-content-creator-part-time-growth-copenhagen-hq-onsite/,2026-09-04,,asap,2026-09-15,2026-09-15
studerendeonline,3112285,Jurastuderende søges til Advokaturen for Kvalitet og Udvikling i NSK,Rigspolitiet,"Storkøbenhavn, Øresundsregionen",,,https://studerendeonline.dk/job/3112285/rigspolitiet/jurastuderende-soges-til-advokaturen-for-kvalitet-og-udvikling-i-nsk/,2026-09-14,2026-09-20,date,2026-09-15,2026-09-15
studerendeonline,3112302,Medlemskonsulent,Lærernes a-kasse,"Storkøbenhavn, Østsjælland, Nordjylland",,,https://studerendeonline.dk/job/3112302/laerernes-a-kasse/medlemskonsulent/,2026-09-04,,asap,2026-09-15,2026-09-15
studerendeonline,3112420,Studenterundervisere til bioanalytikeruddannelsen,Københavns Professionshøjskole,Storkøbenhavn,,,https://studerendeonline.dk/job/3112420/kobenhavns-professionshojskole/studenterundervisere-til-bioanalytikeruddannelsen/,2026-09-04,,,2026-09-15,2026-09-15
studerendeonline,3112496,Studentermedhjælper,EGMONT,"Storkøbenhavn, Øresundsregionen",,,https://studerendeonline.dk/job/3112496/egmont/studentermedhjaelper/,2026-09-04,2026-09-27,date,2026-09-15,2026-09-15
studerendeonline,3112543,"Studerende til Kontor for Rådgivning, Forsvar og Samfundssikkerhed - Afd. for Forskning, Rådgivning og Innovation",Danmarks Tekniske Universitet,"Storkøbenhavn, Øresundsregionen",,,https://studerendeonline.dk/job/3112543/danmarks-tekniske-universitet/studerende-til-kontor-for-radgivning-forsvar-og-samfundssikkerhed-afd-for-forskning-radgivning-og-innovation/,2026-09-04,2026-10-01,date,2026-09-15,2026-09-15
studerendeonline,3112600,Funktionschef til Data og Indsigter i Totalkredit,Nykredit,Storkøbenhavn,,,https://studerendeonline.dk/job/3112600/nykredit/funktionschef-til-data-og-indsigter-i-totalkredit/,2026-09-04,,asap,2026-09-15,2026-09-15
studerendeonline,3112658,Career - Danish Media Researcher,VOCAST ApS,Storkøbenhavn,,,https://studerendeonline.dk/job/3112658/vocast-aps/career-danish-media-researcher/,2026-09-11,2026-09-30,date,2026-09-15,2026-09-15
studerendeonline,3112685,Student Assistant - Sustainability Strategy & Reporting,DSV A/S,"Storkøbenhavn, Øresundsregionen",,,https://studerendeonline.dk/job/3112685/dsv-as/student-assistant-sustainability-strategy-reporting/,2026-09-04,,,2026-09-15,2026-09-15
studerendeonline,3112712,"Vil du gøre en forskel som studentermedhjælper i By-, Land- og Transportministeriet?",By-,"Land- og Transportministeriet, Storkøbenhavn",,,https://studerendeonline.dk/job/3112712/by-land-og-transportministeriet/vil-du-gore-en-forskel-som-studentermedhjaelper-i-by-land-og-transportministeriet/,2026-09-07,2026-09-20,date,2026-09-15,2026-09-15
studerendeonline,3112715,Studerende med interesse for databeskyttelse og informationssikkerhed søges,Styrelsen for Patientsikkerhed,"Storkøbenhavn, Øresundsregionen",,,https://studerendeonline.dk/job/3112715/styrelsen-for-patientsikkerhed/studerende-med-interesse-for-databeskyttelse-og-informationssikkerhed-soges/,2026-09-04,2026-09-20,date,2026-09-15,2026-09-15
studerendeonline,3112791,Alsidig klubmedarbejder til Ungeværk Ørestad (to faste dage om ugen),Københavns Kommune,"Storkøbenhavn, Øresundsregionen",,,https://studerendeonline.dk/job/3112791/kobenhavns-kommune/alsidig-klubmedarbejder-til-ungevaerk-orestad-to-faste-dage-om-ugen/,2026-09-04,,,2026-09-15,2026-09-15
studerendeonline,3112831,"Studentermedhjælper til PPR-funktion i Den Tværfaglige Support i Børne- og Ungdomsforvaltningen, Område Amager",Københavns Kommune,"Storkøbenhavn, Øresundsregionen",,,https://studerendeonline.dk/job/3112831/kobenhavns-kommune/studentermedhjaelper-til-ppr-funktion-i-den-tvaerfaglige-support-i-borne-og-ungdomsforvaltningen-omrade-amager/,2026-09-04,2026-09-21,date,2026-09-15,2026-09-15
studerendeonline,3112850,Grafisk studentermedhjælper til afdelingen Kreativ Produktion hos Coop Danmark,Coop Danmark,Storkøbenhavn,,,https://studerendeonline.dk/job/3112850/coop-danmark/grafisk-studentermedhjaelper-til-afdelingen-kreativ-produktion-hos-coop-danmark/,2026-09-09,2026-09-30,date,2026-09-15,2026-09-15
studerendeonline,3112873,"Studentermedhjælper til Cyberdivisionen, Front Office i Center for udvikling ved Forsvarsministeriets Materiel- og Indkøbsstyrelse",Forsvaret,"Storkøbenhavn, Øresundsregionen ( Delvist fjernarbejde )",,,https://studerendeonline.dk/job/3112873/forsvaret/studentermedhjaelper-til-cyberdivisionen-front-office-i-center-for-udvikling-ved-forsvarsministeriets-materiel-og-indkobsstyrelse/,2026-09-04,2026-10-02,date,2026-09-15,2026-09-15
studerendeonline,3112874,Studerende med interesse for sikkerhed til Luftdygtighedssektionen i Forsvarsministeriets Materiel- og Indkøbsstyrelse,Forsvaret,Storkøbenhavn,,,https://studerendeonline.dk/job/3112874/forsvaret/studerende-med-interesse-for-sikkerhed-til-luftdygtighedssektionen-i-forsvarsministeriets-materiel-og-indkobsstyrelse/,2026-09-04,,,2026-09-15,2026-09-15
studerendeonline,3113065,Quality & Compliance Intern,Moonboon,Storkøbenhavn,,,https://studerendeonline.dk/job/3113065/moonboon/quality-compliance-intern/,2026-09-07,,asap,2026-09-15,2026-09-15
studerendeonline,3113155,Student Assistant: UI Developer,KONSOLIDATOR A/S,"Storkøbenhavn, Øresundsregionen ( Delvist fjernarbejde )",,,https://studerendeonline.dk/job/3113155/konsolidator-as/student-assistant-ui-developer/,2026-09-07,,asap,2026-09-15,2026-09-15
studerendeonline,3113207,Studentermedhjælpere til Forsvarsministeriets departement,Forsvarsministeriet,Storkøbenhavn,,,https://studerendeonline.dk/job/3113207/forsvarsministeriet/studentermedhjaelpere-til-forsvarsministeriets-departement/,2026-09-08,2026-09-21,date,2026-09-15,2026-09-15
studerendeonline,3113370,Academic employee (TAP-FU) in migraine drug target discovery at Center for Translational Neuromedicine,Københavns Universitet,"Storkøbenhavn, Øresundsregionen",,,https://studerendeonline.dk/job/3113370/kobenhavns-universitet/academic-employee-tap-fu-in-migraine-drug-target-discovery-at-center-for-translational-neuromedicine/,2026-09-07,2026-09-22,date,2026-09-15,2026-09-15
studerendeonline,3113371,"Student assistant at the Centre for Advanced Studies in Bioscience Innovation Law (CeBIL), Faculty of Law",Københavns Universitet,"Storkøbenhavn, Øresundsregionen",,,https://studerendeonline.dk/job/3113371/kobenhavns-universitet/student-assistant-at-the-centre-for-advanced-studies-in-bioscience-innovation-law-cebil-faculty-of-law/,2026-09-07,2026-09-22,date,2026-09-15,2026-09-15
studerendeonline,3113462,"By & Havn søger studentermedhjælper til contentproduktion, instagram og storytelling",Udviklingsselskabet By & Havn I/S,"Storkøbenhavn, Øresundsregionen",,,https://studerendeonline.dk/job/3113462/udviklingsselskabet-by-havn-is/by-havn-soger-studentermedhjaelper-til-contentproduktion-instagram-og-storytelling/,2026-09-07,,,2026-09-15,2026-09-15
studerendeonline,3113470,Studentermedhjælpere til Commercial Real Estate,Jyske Bank,Storkøbenhavn,,,https://studerendeonline.dk/job/3113470/jyske-bank/studentermedhjaelpere-til-commercial-real-estate/,2026-09-08,2026-09-30,date,2026-09-15,2026-09-15
studerendeonline,3113492,ARC søger formidlere: Fra teknik til tale – gør den grønne omstilling forståelig,ARC - Amager Ressource Center,"Storkøbenhavn, Øresundsregionen",,,https://studerendeonline.dk/job/3113492/arc-amager-ressource-center/arc-soger-formidlere-fra-teknik-til-tale-gor-den-gronne-omstilling-forstaelig/,2026-09-07,2026-10-04,date,2026-09-15,2026-09-15
studerendeonline,3113607,Biblioteksmedarbejder med ansvar for skemalægning og koordinering,Lyngby-Taarbæk Kommune,"Storkøbenhavn, Øresundsregionen",,,https://studerendeonline.dk/job/3113607/lyngby-taarbaek-kommune/biblioteksmedarbejder-med-ansvar-for-skemalaegning-og-koordinering/,2026-09-08,2026-09-27,date,2026-09-15,2026-09-15
studerendeonline,3113690,Studentermedhjælper til sektion for Økosystembaseret Marin Forvaltning - DTU Aqua,Danmarks Tekniske Universitet,"Storkøbenhavn, Østjylland (Aarhus), Nordjylland",,,https://studerendeonline.dk/job/3113690/danmarks-tekniske-universitet/studentermedhjaelper-til-sektion-for-okosystembaseret-marin-forvaltning-dtu-aqua/,2026-09-07,2026-09-21,date,2026-09-15,2026-09-15
studerendeonline,3113694,Studenterstudievejleder som Faglige formidlere til Biotech Academy - DTU Bioengineering,Danmarks Tekniske Universitet,"Storkøbenhavn, Øresundsregionen",,,https://studerendeonline.dk/job/3113694/danmarks-tekniske-universitet/studenterstudievejleder-som-faglige-formidlere-til-biotech-academy-dtu-bioengineering/,2026-09-07,2026-09-21,date,2026-09-15,2026-09-15
studerendeonline,3113761,Studentermedhjælper - DFDS Ferry,DFDS A/S,"Storkøbenhavn, Sydvestjylland (Esbjerg)",,,https://studerendeonline.dk/job/3113761/dfds-as/studentermedhjaelper-dfds-ferry/,2026-09-07,,asap,2026-09-15,2026-09-15
studerendeonline,3113833,Niels Brock søger undervisere til Det Internationale Gymnasium,Niels Brock,Storkøbenhavn,,,https://studerendeonline.dk/job/3113833/niels-brock/niels-brock-soger-undervisere-til-det-internationale-gymnasium/,2026-09-07,2026-09-25,date,2026-09-15,2026-09-15
studerendeonline,3113873,Studentermedhjælper til CIFA – Den Cirkulære Fabrik,Aalborg Universitet (AAU),"Storkøbenhavn, Sydvestjylland (Esbjerg), Nordjylland",,,https://studerendeonline.dk/job/3113873/aalborg-universitet-aau/studentermedhjaelper-til-cifa-den-cirkulaere-fabrik/,2026-09-07,2026-09-21,date,2026-09-15,2026-09-15
studerendeonline,3113874,Studentermedhjælper søges til transskription af interviews,Aalborg Universitet (AAU),"Storkøbenhavn, Sydvestjylland (Esbjerg), Nordjylland",,,https://studerendeonline.dk/job/3113874/aalborg-universitet-aau/studentermedhjaelper-soges-til-transskription-af-interviews/,2026-09-07,2026-09-21,date,2026-09-15,2026-09-15
studerendeonline,3113885,Student med flair for data og analyser til Data og Analyse i indre København,Danmarks Fængsler,Storkøbenhavn,,,https://studerendeonline.dk/job/3113885/danmarks-faengsler/student-med-flair-for-data-og-analyser-til-data-og-analyse-i-indre-kobenhavn/,2026-09-08,2026-09-27,date,2026-09-15,2026-09-15
studerendeonline,3113945,Ansvarsfuld og engageret Center Koordinator – 15 timer / ugen - Newsec Danmark,Newsec Property Asset Management,"Storkøbenhavn, Vestjylland, Midtjylland",,,https://studerendeonline.dk/job/3113945/newsec-property-asset-management/ansvarsfuld-og-engageret-center-koordinator-15-timer-ugen-newsec-danmark/,2026-09-07,,asap,2026-09-15,2026-09-15
studerendeonline,3114049,Datatilsynets kontor i Grønland søger en jurist,Datatilsynet,"Storkøbenhavn, Øresundsregionen, Grønland & Færøerne",,,https://studerendeonline.dk/job/3114049/datatilsynet/datatilsynets-kontor-i-gronland-soger-en-jurist/,2026-09-08,2026-10-04,date,2026-09-15,2026-09-15
studerendeonline,3114388,Det Nationale Sorgcenter søger en studentermedhjælper til understøttelse af frivilligindsatser,Det Nationale Sorgcenter,"Storkøbenhavn, Sydøstjylland",,,https://studerendeonline.dk/job/3114388/det-nationale-sorgcenter/det-nationale-sorgcenter-soger-en-studentermedhjaelper-til-understottelse-af-frivilligindsatser/,2026-09-08,2026-09-22,date,2026-09-15,2026-09-15
studerendeonline,3114416,Studenter til makroøkonomiske analyser og konjunkturvurdering i Skatte- og Vækstministeriet,Skatte- og Vækstministeriet,Storkøbenhavn,,,https://studerendeonline.dk/job/3114416/skatte-og-vaekstministeriet/studenter-til-makrookonomiske-analyser-og-konjunkturvurdering-i-skatte-og-vaekstministeriet/,2026-09-08,2026-09-27,date,2026-09-15,2026-09-15
studerendeonline,3114496,Student Worker Consumer,Signify Denmark A/S,Storkøbenhavn,,,https://studerendeonline.dk/job/3114496/signify-denmark-as/student-worker-consumer/,2026-09-14,,asap,2026-09-15,2026-09-15
studerendeonline,3114552,Studiejob: Business Intelligence-konsulent,Cand,Storkøbenhavn,,,https://studerendeonline.dk/job/3114552/cand/studiejob-business-intelligence-konsulent/,2026-09-08,,asap,2026-09-15,2026-09-15
studerendeonline,3114554,Studentermedhjælper til CRM,Danske Spil A/S,"Storkøbenhavn, Øresundsregionen",,,https://studerendeonline.dk/job/3114554/danske-spil-as/studentermedhjaelper-til-crm/,2026-09-09,2026-09-29,date,2026-09-15,2026-09-15
studerendeonline,3114581,Studentermedhjælper til Park og Vej,Rudersdal Kommune,"Storkøbenhavn, Nordsjælland",,,https://studerendeonline.dk/job/3114581/rudersdal-kommune/studentermedhjaelper-til-park-og-vej/,2026-09-08,2026-09-22,date,2026-09-15,2026-09-15
studerendeonline,3114587,"Student Assistant, Commercial Platforms & Operation",WS Audiology Denmark A/S,"Storkøbenhavn, Nordsjælland ( Delvist fjernarbejde )",,,https://studerendeonline.dk/job/3114587/ws-audiology-denmark-as/student-assistant-commercial-platforms-operation/,2026-09-08,,asap,2026-09-15,2026-09-15
studerendeonline,3114588,"Student Assistant, Commercial Excellence",WS Audiology Denmark A/S,"Storkøbenhavn, Nordsjælland ( Delvist fjernarbejde )",,,https://studerendeonline.dk/job/3114588/ws-audiology-denmark-as/student-assistant-commercial-excellence/,2026-09-08,,asap,2026-09-15,2026-09-15
studerendeonline,3114600,SPS-vejleder til pædagoguddannelsen,Københavns Professionshøjskole,Storkøbenhavn,,,https://studerendeonline.dk/job/3114600/kobenhavns-professionshojskole/sps-vejleder-til-paedagoguddannelsen/,2026-09-08,2026-09-28,date,2026-09-15,2026-09-15
studerendeonline,3114645,Afløsere søges til Jægersborghave - Gentofte Kommune,Gentofte Kommune,Storkøbenhavn,,,https://studerendeonline.dk/job/3114645/gentofte-kommune/aflosere-soges-til-jaegersborghave-gentofte-kommune/,2026-09-08,2026-12-01,date,2026-09-15,2026-09-15
studerendeonline,3114651,Fundraiser med ansvar for telemarketing til Ungdommens Røde Kors,Ungdommens Røde Kors,Storkøbenhavn,,,https://studerendeonline.dk/job/3114651/ungdommens-rode-kors/fundraiser-med-ansvar-for-telemarketing-til-ungdommens-rode-kors/,2026-09-08,2026-09-20,date,2026-09-15,2026-09-15
studerendeonline,3114670,Student Assistant,Hempel A/S,"Storkøbenhavn, Øresundsregionen",,,https://studerendeonline.dk/job/3114670/hempel-as/student-assistant/,2026-09-08,2026-09-22,date,2026-09-15,2026-09-15
studerendeonline,3114704,Studentermedhjælper til sprogfagsredaktionen,Gyldendal A/S,Storkøbenhavn,,,https://studerendeonline.dk/job/3114704/gyldendal-as/studentermedhjaelper-til-sprogfagsredaktionen/,2026-09-08,2026-09-30,date,2026-09-15,2026-09-15
studerendeonline,3114724,Ansvarlig for debitorer (studentermedhjælper),CLEVER A/S,Storkøbenhavn,,,https://studerendeonline.dk/job/3114724/clever-as/ansvarlig-for-debitorer-studentermedhjaelper/,2026-09-11,2026-10-11,date,2026-09-15,2026-09-15
studerendeonline,3114762,Administrative assistant / student assistant for The School of Conceptual and Contextual Practices at the Royal Danish Academy of Fine Arts 7 hours a,Det Kongelige Danske Kunstakademi Billedkunstskolerne,"Storkøbenhavn, Øresundsregionen",,,https://studerendeonline.dk/job/3114762/det-kongelige-danske-kunstakademi-billedkunstskolerne/administrative-assistant-student-assistant-for-the-school-of-conceptual-and-contextual-practices-at-the-royal-danish-academy-of-fine-arts-7-hours-a/,2026-09-08,2026-09-23,date,2026-09-15,2026-09-15
studerendeonline,3114783,Student Assistant – Product Management (Market Intelligence & Business Analysis),Rockwool A/S,"Storkøbenhavn, Øresundsregionen",,,https://studerendeonline.dk/job/3114783/rockwool-as/student-assistant-product-management-market-intelligence-business-analysis/,2026-09-08,,asap,2026-09-15,2026-09-15
studerendeonline,3114825,"Vil du gøre en forskel som studentermedhjælper i By-, Land- og Transportministeriets Retskontor?",By-,"Land- og Transportministeriet, Storkøbenhavn",,,https://studerendeonline.dk/job/3114825/by-land-og-transportministeriet/vil-du-gore-en-forskel-som-studentermedhjaelper-i-by-land-og-transportministeriets-retskontor/,2026-09-08,2026-09-23,date,2026-09-15,2026-09-15
studerendeonline,3114871,Struktureret og engageret studentermedhjælper til Afdeling for Kvalitet og Borgersikkerhed,Københavns Kommune,"Storkøbenhavn, Øresundsregionen",,,https://studerendeonline.dk/job/3114871/kobenhavns-kommune/struktureret-og-engageret-studentermedhjaelper-til-afdeling-for-kvalitet-og-borgersikkerhed/,2026-09-08,2026-09-30,date,2026-09-15,2026-09-15
studerendeonline,3115006,Student Worker / stud.jur - Legal,Podimo Aps,Storkøbenhavn,,,https://studerendeonline.dk/job/3115006/podimo-aps/student-worker-studjur-legal/,2026-09-09,2026-10-01,date,2026-09-15,2026-09-15
studerendeonline,3115099,"Internship for Bachelor of Engineering students, Operations & Infrastructure",Publicis Denmark A/S,Storkøbenhavn,,,https://studerendeonline.dk/job/3115099/publicis-denmark-as/internship-for-bachelor-of-engineering-students-operations-infrastructure/,2026-09-09,,asap,2026-09-15,2026-09-15
studerendeonline,3115104,Studentermedhjælper – Legal & Contract Management Consulting,Publicis Denmark A/S,Storkøbenhavn,,,https://studerendeonline.dk/job/3115104/publicis-denmark-as/studentermedhjaelper-legal-contract-management-consulting/,2026-09-15,,,2026-09-15,2026-09-15
studerendeonline,3115153,Studentermedhjælper til enheden Kvælstof & Klima,Styrelsen for Grøn Arealomlægning og Vandmiljø,"Storkøbenhavn, Øresundsregionen",,,https://studerendeonline.dk/job/3115153/styrelsen-for-gron-arealomlaegning-og-vandmiljo/studentermedhjaelper-til-enheden-kvaelstof-klima/,2026-09-09,2026-09-22,date,2026-09-15,2026-09-15
studerendeonline,3115183,"Studenterhjælp: til digital kommunikation, e-commerce & events - bliv en del af DI",DI - Dansk Industri,Storkøbenhavn,,,https://studerendeonline.dk/job/3115183/di-dansk-industri/studenterhjaelp-til-digital-kommunikation-e-commerce-events-bliv-en-del-af-di/,2026-09-09,2026-10-11,date,2026-09-15,2026-09-15
studerendeonline,3115192,Group Strategy and Transformation Student Assistant,TDC NET A/S,"Storkøbenhavn, Øresundsregionen ( Delvist fjernarbejde )",,,https://studerendeonline.dk/job/3115192/tdc-net-as/group-strategy-and-transformation-student-assistant/,2026-09-09,2026-09-30,date,2026-09-15,2026-09-15
studerendeonline,3115205,"Student Assistant, Technology Procurement",Publicis Denmark A/S,Storkøbenhavn,,,https://studerendeonline.dk/job/3115205/publicis-denmark-as/student-assistant-technology-procurement/,2026-09-09,,asap,2026-09-15,2026-09-15
studerendeonline,3115211,Studentermedhjælper til enheden Kvælstof & Klima,Styrelsen for Grøn Arealomlægning og Vandmiljø,Storkøbenhavn,,,https://studerendeonline.dk/job/3115211/styrelsen-for-gron-arealomlaegning-og-vandmiljo/studentermedhjaelper-til-enheden-kvaelstof-klima/,2026-09-09,2026-09-22,date,2026-09-15,2026-09-15
studerendeonline,3115341,Student Employee,VP SECURITIES A/S,"Storkøbenhavn, Øresundsregionen",,,https://studerendeonline.dk/job/3115341/vp-securities-as/student-employee/,2026-09-09,,asap,2026-09-15,2026-09-15
studerendeonline,3115432,"Brøndby Kommune søger en børne- og ungerådgiver til Børn, Unge og Familier",Brøndby Kommune,"Storkøbenhavn, Øresundsregionen",,,https://studerendeonline.dk/job/3115432/brondby-kommune/brondby-kommune-soger-en-borne-og-ungeradgiver-til-born-unge-og-familier/,2026-09-09,2026-09-23,date,2026-09-15,2026-09-15
studerendeonline,3115475,Studentermedhjælper søges til Anlægstekniks afdeling hos Sund & Bælt,Sund & Bælt,Storkøbenhavn,,,https://studerendeonline.dk/job/3115475/sund-baelt/studentermedhjaelper-soges-til-anlaegstekniks-afdeling-hos-sund-baelt/,2026-09-09,2026-10-04,date,2026-09-15,2026-09-15
studerendeonline,3115494,"Student Assistant, Technology Procurement",RAMBØLL GRUPPEN A/S,Storkøbenhavn,,,https://studerendeonline.dk/job/3115494/ramboll-gruppen-as/student-assistant-technology-procurement/,2026-09-09,,asap,2026-09-15,2026-09-15
studerendeonline,3115511,Student Assistant - Global Customer Experience (GCX),H. Lundbeck A/S,Storkøbenhavn,,,https://studerendeonline.dk/job/3115511/h-lundbeck-as/student-assistant-global-customer-experience-gcx/,2026-09-09,,asap,2026-09-15,2026-09-15
studerendeonline,3115571,Juridisk studentermedhjælper til Ledelsessekretariatet i National enhed for Særlig Kriminalitet,Rigspolitiet,"Storkøbenhavn, Øresundsregionen",,,https://studerendeonline.dk/job/3115571/rigspolitiet/juridisk-studentermedhjaelper-til-ledelsessekretariatet-i-national-enhed-for-saerlig-kriminalitet/,2026-09-13,2026-09-23,date,2026-09-15,2026-09-15
studerendeonline,3115694,Studentermedhjælper med interesse for økonomistyring af Danmarks samfundskritiske it-systemer,Digitaliseringsstyrelsen,Storkøbenhavn,,,https://studerendeonline.dk/job/3115694/digitaliseringsstyrelsen/studentermedhjaelper-med-interesse-for-okonomistyring-af-danmarks-samfundskritiske-it-systemer/,2026-09-09,2026-09-23,date,2026-09-15,2026-09-15
studerendeonline,3115695,Studentermedhjælper til borger.dk med interesse for skarpe tekster og myndighedskontakt,Digitaliseringsstyrelsen,Storkøbenhavn,,,https://studerendeonline.dk/job/3115695/digitaliseringsstyrelsen/studentermedhjaelper-til-borgerdk-med-interesse-for-skarpe-tekster-og-myndighedskontakt/,2026-09-10,2026-09-23,date,2026-09-15,2026-09-15
studerendeonline,3115696,Studentermedhjælper til understøttelse af AltID,Digitaliseringsstyrelsen,Storkøbenhavn ( Delvist fjernarbejde ),,,https://studerendeonline.dk/job/3115696/digitaliseringsstyrelsen/studentermedhjaelper-til-understottelse-af-altid/,2026-09-09,2026-09-27,date,2026-09-15,2026-09-15
studerendeonline,3115743,Data og analysestærk studentermedhjælper med interesse for ESG og bæredygtighed,Nykredit,Storkøbenhavn,,,https://studerendeonline.dk/job/3115743/nykredit/data-og-analysestaerk-studentermedhjaelper-med-interesse-for-esg-og-baeredygtighed/,2026-09-09,2026-12-01,date,2026-09-15,2026-09-15
studerendeonline,3115769,Studentermedhjælper til digital marketing og kampagner søges til EK,Erhvervs­akademi Køben­havn (EK),"Storkøbenhavn, Øresundsregionen",,,https://studerendeonline.dk/job/3115769/erhvervs-akademi-koben-havn-ek/studentermedhjaelper-til-digital-marketing-og-kampagner-soges-til-ek/,2026-09-09,2026-09-28,date,2026-09-15,2026-09-15
studerendeonline,3115844,Studentermedhjælper til Portfolio Management & Analytics,Tryg Forsikring A/S,Storkøbenhavn,,,https://studerendeonline.dk/job/3115844/tryg-forsikring-as/studentermedhjaelper-til-portfolio-management-analytics/,2026-09-09,2026-09-23,date,2026-09-15,2026-09-15
studerendeonline,3115986,"FE søger samfundsvidenskabelige studerende til økonomistyring, udviklingsopgaver og ledelsesbetjening",Forsvarets Efterretningstjeneste,Storkøbenhavn,,,https://studerendeonline.dk/job/3115986/forsvarets-efterretningstjeneste/fe-soger-samfundsvidenskabelige-studerende-til-okonomistyring-udviklingsopgaver-og-ledelsesbetjening/,2026-09-10,2026-09-30,date,2026-09-15,2026-09-15
studerendeonline,3115991,Studentermedhjælper søges til Annonce og Forretningsudvikling hos Dagbladet Børsen,BONNIER PUBLICATIONS A/S,"Storkøbenhavn, Østjylland (Aarhus) ( Delvist fjernarbejde )",,,https://studerendeonline.dk/job/3115991/bonnier-publications-as/studentermedhjaelper-soges-til-annonce-og-forretningsudvikling-hos-dagbladet-borsen/,2026-09-10,2026-09-23,date,2026-09-15,2026-09-15
studerendeonline,3116030,"Student (Denmark, Høje-Taastrup)",Novo Nordisk A/S,"Storkøbenhavn, Øresundsregionen",,,https://studerendeonline.dk/job/3116030/novo-nordisk-as/student-denmark-hoje-taastrup/,2026-09-10,2026-09-23,date,2026-09-15,2026-09-15
studerendeonline,3116138,Associate Sales Representative,Context& A/S,Storkøbenhavn,,,https://studerendeonline.dk/job/3116138/context-as/associate-sales-representative/,2026-09-10,,asap,2026-09-15,2026-09-15
studerendeonline,3116383,Opslag hos Ministeriet for Natur og Dyrevelfærd,Ministeriet for Natur og Dyrevelfærd,Storkøbenhavn,,,https://studerendeonline.dk/job/3116383/ministeriet-for-natur-og-dyrevelfaerd/opslag-hos-ministeriet-for-natur-og-dyrevelfaerd/,2026-09-10,2026-09-24,date,2026-09-15,2026-09-15
studerendeonline,3116499,Opslag hos SECURITAS A/S,SECURITAS A/S,"Storkøbenhavn, Øresundsregionen",,,https://studerendeonline.dk/job/3116499/securitas-as/opslag-hos-securitas-as/,2026-09-10,2026-10-01,date,2026-09-15,2026-09-15
studerendeonline,3116506,Djøf søger en juniorkonsulent på Roskilde Universitet,DJØF,Storkøbenhavn,,,https://studerendeonline.dk/job/3116506/djof/djof-soger-en-juniorkonsulent-pa-roskilde-universitet/,2026-09-14,2026-09-25,date,2026-09-15,2026-09-15
studerendeonline,3116683,Studentermedhjælper til Indkøb,Tryg Forsikring A/S,"Storkøbenhavn, Øresundsregionen",,,https://studerendeonline.dk/job/3116683/tryg-forsikring-as/studentermedhjaelper-til-indkob/,2026-09-10,2026-10-04,date,2026-09-15,2026-09-15
studerendeonline,3116689,Studentermedhjælper til Nationalt Beredskab,Beredskabsstyrelsen,"Storkøbenhavn, Nordsjælland",,,https://studerendeonline.dk/job/3116689/beredskabsstyrelsen/studentermedhjaelper-til-nationalt-beredskab/,2026-09-10,2026-09-27,date,2026-09-15,2026-09-15
studerendeonline,3116701,Studentermedhjælper iværksætter- og labmiljø på Erhvervsakademi København,Erhvervs­akademi Køben­havn (EK),Storkøbenhavn,,,https://studerendeonline.dk/job/3116701/erhvervs-akademi-koben-havn-ek/studentermedhjaelper-ivaerksaetter-og-labmiljo-pa-erhvervsakademi-kobenhavn/,2026-09-10,2026-09-30,date,2026-09-15,2026-09-15
studerendeonline,3116706,Ansvarlig for det offentlige ladenetværk (studentermedhjælper),CLEVER A/S,Storkøbenhavn,,,https://studerendeonline.dk/job/3116706/clever-as/ansvarlig-for-det-offentlige-ladenetvaerk-studentermedhjaelper/,2026-09-10,2026-10-11,date,2026-09-15,2026-09-15
studerendeonline,3116751,Student assistant – Marketing Analytics & Digital Performance,Rockwool A/S,"Storkøbenhavn, Øresundsregionen, Udlandet (øvrige)",,,https://studerendeonline.dk/job/3116751/rockwool-as/student-assistant-marketing-analytics-digital-performance/,2026-09-10,,asap,2026-09-15,2026-09-15
studerendeonline,3116770,Studentermedhjælper til topledelses- og departementsbetjening for styrelsesdirektøren,Skattestyrelsen,"Storkøbenhavn, Øresundsregionen",,,https://studerendeonline.dk/job/3116770/skattestyrelsen/studentermedhjaelper-til-topledelses-og-departementsbetjening-for-styrelsesdirektoren/,2026-09-10,2026-09-24,date,2026-09-15,2026-09-15
studerendeonline,3116847,Studentermedhjælper til Forsvarets Dag i København,Forsvaret,Storkøbenhavn,,,https://studerendeonline.dk/job/3116847/forsvaret/studentermedhjaelper-til-forsvarets-dag-i-kobenhavn/,2026-09-10,2026-09-27,date,2026-09-15,2026-09-15
studerendeonline,3117005,"Valdemar på 5 år, mangler en aflaster 5 timer pr. uge - Hvidovre",Handicapformidlingen,"Storkøbenhavn, Øresundsregionen",,,https://studerendeonline.dk/job/3117005/handicapformidlingen/valdemar-pa-5-ar-mangler-en-aflaster-5-timer-pr-uge-hvidovre/,2026-09-11,2026-09-28,date,2026-09-15,2026-09-15
studerendeonline,3117078,Student til uddannelsespolitik,DI - Dansk Industri,Storkøbenhavn,,,https://studerendeonline.dk/job/3117078/di-dansk-industri/student-til-uddannelsespolitik/,2026-09-11,2026-10-01,date,2026-09-15,2026-09-15
studerendeonline,3117094,"Analyst (Student Assistant), IR&BD Client Solutions",Copenhagen Infrastructure Partners,"Storkøbenhavn, Udlandet (øvrige)",,,https://studerendeonline.dk/job/3117094/copenhagen-infrastructure-partners/analyst-student-assistant-irbd-client-solutions/,2026-09-11,,asap,2026-09-15,2026-09-15
studerendeonline,3117141,Studentermedhjælper – Digital & eCommerce,3 - Hi3G Denmark Aps,Storkøbenhavn,,,https://studerendeonline.dk/job/3117141/3-hi3g-denmark-aps/studentermedhjaelper-digital-ecommerce/,2026-09-11,2026-10-09,date,2026-09-15,2026-09-15
studerendeonline,3117144,Børns Vilkår søger studentermedhjælper til Udvikling & Fondssamarbejde,Børns Vilkår,"Storkøbenhavn, Øresundsregionen",,,https://studerendeonline.dk/job/3117144/borns-vilkar/borns-vilkar-soger-studentermedhjaelper-til-udvikling-fondssamarbejde/,2026-09-11,2026-11-01,date,2026-09-15,2026-09-15
studerendeonline,3117280,Working Student - Procurement Supply Chain Strategy and Cost Analytics,RWE Renewables Denmark A/S,Storkøbenhavn,,,https://studerendeonline.dk/job/3117280/rwe-renewables-denmark-as/working-student-procurement-supply-chain-strategy-and-cost-analytics/,2026-09-11,2026-10-04,date,2026-09-15,2026-09-15
studerendeonline,3117405,Er du skarp på web og ord? Bliv studentermedhjælper hos Kræftens Bekæmpelse,Kræftens Bekæmpelse,Storkøbenhavn,,,https://studerendeonline.dk/job/3117405/kraeftens-bekaempelse/er-du-skarp-pa-web-og-ord-bliv-studentermedhjaelper-hos-kraeftens-bekaempelse/,2026-09-11,2026-10-04,date,2026-09-15,2026-09-15
studerendeonline,3117433,Metodestærke studerende med interesse for forskning i familieforhold og demografi søges,Rockwool Fonden,Storkøbenhavn,,,https://studerendeonline.dk/job/3117433/rockwool-fonden/metodestaerke-studerende-med-interesse-for-forskning-i-familieforhold-og-demografi-soges/,2026-09-11,2026-10-11,date,2026-09-15,2026-09-15
studerendeonline,3117500,Studentermedhjælper til Færdselssekretariatet i Midt- og Vestsjællands Politi,Rigspolitiet,Storkøbenhavn,,,https://studerendeonline.dk/job/3117500/rigspolitiet/studentermedhjaelper-til-faerdselssekretariatet-i-midt-og-vestsjaellands-politi/,2026-09-15,2026-10-04,date,2026-09-15,2026-09-15
studerendeonline,3117506,Studentermedhjælper med glæde for værtskab til uddannelsesbibliotek,Københavns Professionshøjskole,Storkøbenhavn,,,https://studerendeonline.dk/job/3117506/kobenhavns-professionshojskole/studentermedhjaelper-med-glaede-for-vaertskab-til-uddannelsesbibliotek/,2026-09-11,2026-09-27,date,2026-09-15,2026-09-15
studerendeonline,3117689,Ernæringsværter søges til faste weekender og som tilkaldevikar i ny Ernæringsenhed på Bispebjerg og Frederiksberg Hospital,Region Hovedstaden,"Storkøbenhavn, Øresundsregionen",,,https://studerendeonline.dk/job/3117689/region-hovedstaden/ernaeringsvaerter-soges-til-faste-weekender-og-som-tilkaldevikar-i-ny-ernaeringsenhed-pa-bispebjerg-og-frederiksberg-hospital/,2026-09-11,2026-09-28,date,2026-09-15,2026-09-15
studerendeonline,3117723,Studentermedhjælper til CRM & Sales Management,Tryg Forsikring A/S,Storkøbenhavn,,,https://studerendeonline.dk/job/3117723/tryg-forsikring-as/studentermedhjaelper-til-crm-sales-management/,2026-09-11,2026-10-01,date,2026-09-15,2026-09-15
studerendeonline,3117732,Studentermedhjælper til Økonomiafdelingen på Aalborg Universitet,Aalborg Universitet (AAU),"Storkøbenhavn, Sydvestjylland (Esbjerg), Nordjylland",,,https://studerendeonline.dk/job/3117732/aalborg-universitet-aau/studentermedhjaelper-til-okonomiafdelingen-pa-aalborg-universitet/,2026-09-11,2026-09-30,date,2026-09-15,2026-09-15
studerendeonline,3117733,SoMe Manager til uddannelserne på Kommunikation og Digitale Medier,Aalborg Universitet (AAU),"Storkøbenhavn, Sydvestjylland (Esbjerg), Nordjylland",,,https://studerendeonline.dk/job/3117733/aalborg-universitet-aau/some-manager-til-uddannelserne-pa-kommunikation-og-digitale-medier/,2026-09-14,2026-10-01,date,2026-09-15,2026-09-15
studerendeonline,3117734,SoMe Manager til uddannelserne på Musik,Aalborg Universitet (AAU),"Storkøbenhavn, Sydvestjylland (Esbjerg), Nordjylland",,,https://studerendeonline.dk/job/3117734/aalborg-universitet-aau/some-manager-til-uddannelserne-pa-musik/,2026-09-14,2026-10-25,date,2026-09-15,2026-09-15
studerendeonline,3117744,Studentermedhjælper til ESG - gør ansvarlige investeringer mere datadrevne,PFA Pension,Storkøbenhavn,,,https://studerendeonline.dk/job/3117744/pfa-pension/studentermedhjaelper-til-esg-gor-ansvarlige-investeringer-mere-datadrevne/,2026-09-11,2026-09-28,date,2026-09-15,2026-09-15
studerendeonline,3117863,Studentermedhjælpere med interesse for IT og data til Center for Mental Sundhed,Københavns Kommune,"Storkøbenhavn, Øresundsregionen",,,https://studerendeonline.dk/job/3117863/kobenhavns-kommune/studentermedhjaelpere-med-interesse-for-it-og-data-til-center-for-mental-sundhed/,2026-09-11,2026-09-25,date,2026-09-15,2026-09-15
studerendeonline,3118088,Jurastuderende til Regresteam,If Forsikring,Storkøbenhavn,,,https://studerendeonline.dk/job/3118088/if-forsikring/jurastuderende-til-regresteam/,2026-09-14,2026-10-07,date,2026-09-15,2026-09-15
studerendeonline,3118118,Student Assistant til IT Architecture & Demand,Sinal A/S,Storkøbenhavn,,,https://studerendeonline.dk/job/3118118/sinal-as/student-assistant-til-it-architecture-demand/,2026-09-14,,asap,2026-09-15,2026-09-15
studerendeonline,3118158,Studentermedhjælper til National Service Provider Sales,TDC NET A/S,"Storkøbenhavn, Øresundsregionen",,,https://studerendeonline.dk/job/3118158/tdc-net-as/studentermedhjaelper-til-national-service-provider-sales/,2026-09-14,2026-10-04,date,2026-09-15,2026-09-15
studerendeonline,3118176,ABOUT FLATPAY,FLATPAY ApS,Storkøbenhavn,,,https://studerendeonline.dk/job/3118176/flatpay-aps/about-flatpay/,2026-09-14,,asap,2026-09-15,2026-09-15
studerendeonline,3118249,Studentermedarbejder til koordinering og projektstøtte,Udviklings- og Forenklingsstyrelsen,"Storkøbenhavn, Øresundsregionen",,,https://studerendeonline.dk/job/3118249/udviklings-og-forenklingsstyrelsen/studentermedarbejder-til-koordinering-og-projektstotte/,2026-09-14,2026-09-28,date,2026-09-15,2026-09-15
studerendeonline,3118263,Student til Sustainability i Danica,Danske Bank,Storkøbenhavn ( Delvist fjernarbejde ),,,https://studerendeonline.dk/job/3118263/danske-bank/student-til-sustainability-i-danica/,2026-09-14,,asap,2026-09-15,2026-09-15
studerendeonline,3118311,"Student Assistant, Corporate Strategy - Support strategic decisions and business transformation",Norlys,"Storkøbenhavn, Østjylland (Aarhus)",,,https://studerendeonline.dk/job/3118311/norlys/student-assistant-corporate-strategy-support-strategic-decisions-and-business-transformation/,2026-09-14,,asap,2026-09-15,2026-09-15
studerendeonline,3118391,Working Student - Support Category Management,RWE Renewables Denmark A/S,Storkøbenhavn,,,https://studerendeonline.dk/job/3118391/rwe-renewables-denmark-as/working-student-support-category-management/,2026-09-14,2026-10-04,date,2026-09-15,2026-09-15
studerendeonline,3118415,Studerende til Psyk-studieliv og studenterrettet kommunikation,Københavns Universitet,"Storkøbenhavn, Øresundsregionen",,,https://studerendeonline.dk/job/3118415/kobenhavns-universitet/studerende-til-psyk-studieliv-og-studenterrettet-kommunikation/,2026-09-14,2026-09-24,date,2026-09-15,2026-09-15
studerendeonline,3118416,SODAS is seeking a new student assistant for research project on sea level rise,Københavns Universitet,"Storkøbenhavn, Øresundsregionen",,,https://studerendeonline.dk/job/3118416/kobenhavns-universitet/sodas-is-seeking-a-new-student-assistant-for-research-project-on-sea-level-rise/,2026-09-14,,asap,2026-09-15,2026-09-15
studerendeonline,3118465,Vikarer - CFD Nærum,CFD,Storkøbenhavn,,,https://studerendeonline.dk/job/3118465/cfd/vikarer-cfd-naerum/,2026-09-14,,asap,2026-09-15,2026-09-15
studerendeonline,3118502,SoMe-praktikant til foråret 2027 | Roskilde Festival Gruppen,Roskilde Festival Gruppen,"Storkøbenhavn, Østsjælland",,,https://studerendeonline.dk/job/3118502/roskilde-festival-gruppen/some-praktikant-til-foraret-2027-roskilde-festival-gruppen/,2026-09-14,,asap,2026-09-15,2026-09-15
studerendeonline,3118538,Studiejob: AI-Ambassadør,Cand,"Storkøbenhavn, Øresundsregionen",,,https://studerendeonline.dk/job/3118538/cand/studiejob-ai-ambassador/,2026-09-14,,asap,2026-09-15,2026-09-15
studerendeonline,3118650,Studentermedhjælpere til Skatteankestyrelsen i København,Skatteankestyrelsen,Storkøbenhavn,,,https://studerendeonline.dk/job/3118650/skatteankestyrelsen/studentermedhjaelpere-til-skatteankestyrelsen-i-kobenhavn/,2026-09-14,2026-09-28,date,2026-09-15,2026-09-15
studerendeonline,3118669,Junior Produktkonsulent til Akademikernes A-kasse (studiejob),Akademikernes A-kasse,Storkøbenhavn ( Delvist fjernarbejde ),,,https://studerendeonline.dk/job/3118669/akademikernes-a-kasse/junior-produktkonsulent-til-akademikernes-a-kasse-studiejob/,2026-09-14,2026-09-30,date,2026-09-15,2026-09-15
studerendeonline,3118678,Booksmaxere søges til studiejob i marketing,JP/Politikens Hus A/S,Storkøbenhavn,,,https://studerendeonline.dk/job/3118678/jppolitikens-hus-as/booksmaxere-soges-til-studiejob-i-marketing/,2026-09-14,2026-10-02,date,2026-09-15,2026-09-15
studerendeonline,3118698,Studentermedhjælper til Greve Bibliotek,Greve Kommune,Storkøbenhavn,,,https://studerendeonline.dk/job/3118698/greve-kommune/studentermedhjaelper-til-greve-bibliotek/,2026-09-14,2026-10-02,date,2026-09-15,2026-09-15
studerendeonline,3118778,"Vi søger en studentermedhjælper til vores kvalitetsteam, Commercial Lines",Tryg Forsikring A/S,"Storkøbenhavn, Østjylland (Aarhus)",,,https://studerendeonline.dk/job/3118778/tryg-forsikring-as/vi-soger-en-studentermedhjaelper-til-vores-kvalitetsteam-commercial-lines/,2026-09-14,2026-09-28,date,2026-09-15,2026-09-15
studerendeonline,3118794,Student assistant (HK),Aalborg Universitet (AAU),"Storkøbenhavn, Sydvestjylland (Esbjerg), Nordjylland",,,https://studerendeonline.dk/job/3118794/aalborg-universitet-aau/student-assistant-hk/,2026-09-14,2026-11-15,date,2026-09-15,2026-09-15
studerendeonline,3118796,Studentermedhjælp til Mycosealium,Aalborg Universitet (AAU),"Storkøbenhavn, Sydvestjylland (Esbjerg), Nordjylland",,,https://studerendeonline.dk/job/3118796/aalborg-universitet-aau/studentermedhjaelp-til-mycosealium/,2026-09-14,2026-10-28,date,2026-09-15,2026-09-15
studerendeonline,3118808,Studentermedhjælper til Rekruttering – Sweco Denmark,Sweco Danmark A/S,Storkøbenhavn,,,https://studerendeonline.dk/job/3118808/sweco-danmark-as/studentermedhjaelper-til-rekruttering-sweco-denmark/,2026-09-14,,asap,2026-09-15,2026-09-15
studerendeonline,3118855,"Studenterudvikler til Python, API’er og Infrastructure as Code",Statens It,Storkøbenhavn,,,https://studerendeonline.dk/job/3118855/statens-it/studenterudvikler-til-python-apier-og-infrastructure-as-code/,2026-09-14,2026-09-28,date,2026-09-15,2026-09-15
studerendeonline,3118867,"Alkoholbehandler søges til forskningsprojekt i Medicinsk afdeling, Køge på Sjællands Universitetshospital",Region Sjælland,"Storkøbenhavn, Østsjælland, Vestsjælland",,,https://studerendeonline.dk/job/3118867/region-sjaelland/alkoholbehandler-soges-til-forskningsprojekt-i-medicinsk-afdeling-koge-pa-sjaellands-universitetshospital/,2026-09-14,2026-09-30,date,2026-09-15,2026-09-15
studerendeonline,3118937,Studentermedhjælp til sektionen for Systemer og Integrationsstyring,Forsvaret,Storkøbenhavn,,,https://studerendeonline.dk/job/3118937/forsvaret/studentermedhjaelp-til-sektionen-for-systemer-og-integrationsstyring/,2026-09-14,2026-10-18,date,2026-09-15,2026-09-15
studerendeonline,3118940,"Laboratory Animal Veterinarian (Denmark, Måløv)",Novo Nordisk A/S,"Storkøbenhavn, Øresundsregionen",,,https://studerendeonline.dk/job/3118940/novo-nordisk-as/laboratory-animal-veterinarian-denmark-malov/,2026-09-14,2026-09-23,date,2026-09-15,2026-09-15
studerendeonline,3118964,Studiejob i økonomiafdelingen hos Moment,MOMENT A/S,Storkøbenhavn,,,https://studerendeonline.dk/job/3118964/moment-as/studiejob-i-okonomiafdelingen-hos-moment/,2026-09-14,,asap,2026-09-15,2026-09-15
studerendeonline,3118968,Student Assistant for Global Packaging Innovation at site Lyngby,Novonesis (Novozymes),"Storkøbenhavn, Øresundsregionen",,,https://studerendeonline.dk/job/3118968/novonesis-novozymes/student-assistant-for-global-packaging-innovation-at-site-lyngby/,2026-09-14,2026-09-23,date,2026-09-15,2026-09-15
studerendeonline,3119016,Studentermedhjælper til Ukrainesektionen,Forsvaret,Storkøbenhavn,,,https://studerendeonline.dk/job/3119016/forsvaret/studentermedhjaelper-til-ukrainesektionen/,2026-09-15,2026-09-29,date,2026-09-15,2026-09-15
